Year,Month,Day,Count,distance2016,temperture2016,windpower2016
2016,1,1,1,5800.0,-2.3600000000000003,2.2
2016,1,1,2,2883.333333333333,0.2999999999999999,5.0
2016,1,1,3,8500.0,4.6000000000000005,7.333333333333333
2016,1,1,4,10000.0,5.916666666666667,7.166666666666667
2016,1,2,1,10000.0,6.6000000000000005,6.5
2016,1,2,2,7000.0,5.433333333333334,9.666666666666666
2016,1,2,3,7333.333333333333,9.583333333333334,8.0
2016,1,2,4,4733.333333333333,8.299999999999999,4.333333333333333
2016,1,3,1,558.3333333333334,5.15,2.5
2016,1,3,2,316.6666666666667,3.883333333333333,2.333333333333333
2016,1,3,3,1783.3333333333333,6.016666666666666,2.5
2016,1,3,4,1516.6666666666667,4.683333333333334,3.5
2016,1,4,1,1966.6666666666667,3.9,6.833333333333333
2016,1,4,2,3916.6666666666665,2.0,9.833333333333334
2016,1,4,3,9500.0,3.083333333333333,12.166666666666666
2016,1,4,4,10000.0,-0.0499999999999999,9.333333333333334
2016,1,5,1,10000.0,-2.1,9.166666666666666
2016,1,5,2,10000.0,-3.1,6.666666666666667
2016,1,5,3,10000.0,-0.7166666666666667,7.833333333333333
2016,1,5,4,10000.0,-2.566666666666667,3.0
2016,1,6,1,10000.0,-2.966666666666667,3.5
2016,1,6,2,10000.0,-0.9833333333333332,4.5
2016,1,6,3,10000.0,1.7833333333333334,5.166666666666667
2016,1,6,4,10000.0,-0.6666666666666666,9.166666666666666
2016,1,7,1,10000.0,-3.0666666666666664,9.666666666666666
2016,1,7,2,10000.0,-3.2500000000000004,7.333333333333333
2016,1,7,3,10000.0,-0.8166666666666668,8.5
2016,1,7,4,10000.0,-2.4,8.5
2016,1,8,1,10000.0,-4.916666666666667,2.6666666666666665
2016,1,8,2,10000.0,-4.316666666666666,3.5
2016,1,8,3,10000.0,0.1833333333333333,6.166666666666667
2016,1,8,4,10000.0,-0.6666666666666666,7.166666666666667
2016,1,9,1,9666.666666666666,-3.933333333333333,4.333333333333333
2016,1,9,2,10000.0,-2.8666666666666667,3.6666666666666665
2016,1,9,3,10000.0,0.6999999999999998,5.333333333333333
2016,1,9,4,10000.0,0.2833333333333333,3.333333333333333
2016,1,10,1,10000.0,2.3000000000000003,7.833333333333333
2016,1,10,2,10000.0,1.2,7.333333333333333
2016,1,10,3,10000.0,2.75,7.666666666666667
2016,1,10,4,10000.0,-1.0666666666666669,5.666666666666667
2016,1,11,1,10000.0,-4.083333333333333,6.833333333333333
2016,1,11,2,10000.0,-3.966666666666667,5.833333333333333
2016,1,11,3,10000.0,-1.6666666666666667,8.166666666666666
2016,1,11,4,10000.0,-4.116666666666666,8.5
2016,1,12,1,10000.0,-6.583333333333335,4.5
2016,1,12,2,10000.0,-5.466666666666668,5.333333333333333
2016,1,12,3,10000.0,-2.333333333333333,8.5
2016,1,12,4,10000.0,-3.3833333333333333,11.166666666666666
2016,1,13,1,10000.0,-6.433333333333334,3.5
2016,1,13,2,10000.0,-4.500000000000001,2.333333333333333
2016,1,13,3,4300.0,-1.65,8.0
2016,1,13,4,10000.0,-2.95,13.333333333333334
2016,1,14,1,10000.0,-6.683333333333334,4.166666666666667
2016,1,14,2,10000.0,-5.866666666666667,4.0
2016,1,14,3,10000.0,-1.5333333333333334,5.333333333333333
2016,1,14,4,5366.666666666667,-0.8999999999999999,4.333333333333333
2016,1,15,1,7500.0,-1.8333333333333333,4.166666666666667
2016,1,15,2,8833.333333333334,-2.416666666666667,4.666666666666667
2016,1,15,3,10000.0,2.266666666666666,5.0
2016,1,15,4,8833.333333333334,-0.6000000000000001,4.166666666666667
2016,1,16,1,7000.0,-2.0333333333333337,6.166666666666667
2016,1,16,2,5250.0,-0.0499999999999999,6.666666666666667
2016,1,16,3,5166.666666666667,3.483333333333334,5.666666666666667
2016,1,16,4,3766.6666666666665,0.1166666666666667,5.166666666666667
2016,1,17,1,2750.0,-1.0666666666666669,6.166666666666667
2016,1,17,2,3200.0,0.2166666666666666,6.0
2016,1,17,3,4666.666666666667,3.616666666666667,7.333333333333333
2016,1,17,4,4366.666666666667,1.7166666666666668,4.5
2016,1,18,1,3200.0,-0.3,14.0
2016,1,18,2,8833.333333333334,-4.15,18.0
2016,1,18,3,10000.0,-6.4,23.166666666666668
2016,1,18,4,10000.0,-9.566666666666665,21.166666666666668
2016,1,19,1,10000.0,-11.783333333333331,19.33333333333333
2016,1,19,2,10000.0,-12.533333333333331,18.0
2016,1,19,3,10000.0,-9.25,21.33333333333333
2016,1,19,4,10000.0,-10.666666666666666,13.166666666666666
2016,1,20,1,10000.0,-11.516666666666666,7.5
2016,1,20,2,10000.0,-11.5,6.166666666666667
2016,1,20,3,10000.0,-7.866666666666666,4.166666666666667
2016,1,20,4,10000.0,-8.266666666666666,1.6666666666666667
2016,1,21,1,10000.0,-8.966666666666667,3.1666666666666665
2016,1,21,2,10000.0,-7.633333333333334,3.8333333333333335
2016,1,21,3,10000.0,-4.583333333333333,6.666666666666667
2016,1,21,4,10000.0,-5.95,7.833333333333333
2016,1,22,1,10000.0,-8.383333333333333,5.833333333333333
2016,1,22,2,10000.0,-7.533333333333332,5.833333333333333
2016,1,22,3,10000.0,-4.85,8.5
2016,1,22,4,10000.0,-5.766666666666667,12.0
2016,1,23,1,10000.0,-7.6833333333333345,11.333333333333334
2016,1,23,2,10000.0,-9.916666666666666,16.333333333333332
2016,1,23,3,9333.333333333334,-9.416666666666668,19.33333333333333
2016,1,23,4,10000.0,-12.483333333333334,16.5
2016,1,24,1,10000.0,-14.866666666666667,12.333333333333334
2016,1,24,2,10000.0,-15.0,13.0
2016,1,24,3,10000.0,-11.233333333333333,13.333333333333334
2016,1,24,4,10000.0,-10.65,11.5
2016,1,25,1,10000.0,-11.300000000000002,9.0
2016,1,25,2,10000.0,-10.333333333333332,5.666666666666667
2016,1,25,3,10000.0,-5.883333333333333,4.666666666666667
2016,1,25,4,10000.0,-5.733333333333333,3.1666666666666665
2016,1,26,1,8666.666666666666,-4.8,5.333333333333333
2016,1,26,2,3133.333333333333,-4.083333333333333,9.0
2016,1,26,3,6050.0,0.8666666666666666,6.666666666666667
2016,1,26,4,10000.0,0.8500000000000001,7.833333333333333
2016,1,27,1,9666.666666666666,-1.95,7.833333333333333
2016,1,27,2,10000.0,-2.566666666666667,2.6666666666666665
2016,1,27,3,10000.0,1.933333333333333,5.166666666666667
2016,1,27,4,10000.0,-2.4833333333333334,2.5
2016,1,28,1,8166.666666666667,-5.116666666666667,3.1666666666666665
2016,1,28,2,6333.333333333333,-2.65,5.0
2016,1,28,3,7500.0,2.1166666666666667,6.5
2016,1,28,4,9333.333333333334,0.9666666666666668,5.5
2016,1,29,1,10000.0,-0.8833333333333334,7.666666666666667
2016,1,29,2,10000.0,-0.4833333333333333,7.0
2016,1,29,3,10000.0,3.4333333333333336,6.833333333333333
2016,1,29,4,10000.0,1.2666666666666666,7.333333333333333
2016,1,30,1,10000.0,-1.5499999999999998,6.0
2016,1,30,2,10000.0,-0.8500000000000002,3.5
2016,1,30,3,9833.333333333334,1.6333333333333335,9.0
2016,1,30,4,10000.0,-0.7166666666666667,9.666666666666666
2016,1,31,1,10000.0,-4.033333333333332,9.0
2016,1,31,2,10000.0,-4.883333333333334,9.5
2016,1,31,3,10000.0,-2.5333333333333337,10.166666666666666
2016,1,31,4,10000.0,-4.483333333333333,10.333333333333334
2016,2,1,1,10000.0,-7.083333333333333,8.5
2016,2,1,2,10000.0,-6.7,10.166666666666666
2016,2,1,3,10000.0,-3.966666666666667,9.333333333333334
2016,2,1,4,10000.0,-5.533333333333334,10.5
2016,2,2,1,10000.0,-7.883333333333333,6.333333333333333
2016,2,2,2,10000.0,-6.300000000000001,5.0
2016,2,2,3,10000.0,-2.4,8.166666666666666
2016,2,2,4,10000.0,-3.6833333333333336,2.833333333333333
2016,2,3,1,10000.0,-7.3,1.0
2016,2,3,2,10000.0,-4.066666666666666,6.166666666666667
2016,2,3,3,10000.0,1.85,5.333333333333333
2016,2,3,4,10000.0,-0.1166666666666666,5.666666666666667
2016,2,4,1,10000.0,-2.583333333333333,4.166666666666667
2016,2,4,2,10000.0,-0.65,6.166666666666667
2016,2,4,3,10000.0,2.1333333333333333,10.833333333333334
2016,2,4,4,10000.0,-0.7333333333333334,11.333333333333334
2016,2,5,1,10000.0,-5.266666666666667,4.0
2016,2,5,2,10000.0,-3.8,3.333333333333333
2016,2,5,3,10000.0,0.6166666666666667,8.166666666666666
2016,2,5,4,10000.0,-0.2833333333333333,8.666666666666666
2016,2,6,1,10000.0,-4.416666666666667,8.0
2016,2,6,2,10000.0,-4.033333333333333,12.0
2016,2,6,3,10000.0,-0.7166666666666667,12.833333333333334
2016,2,6,4,10000.0,-3.1333333333333333,10.333333333333334
2016,2,7,1,10000.0,-5.550000000000001,4.333333333333333
2016,2,7,2,10000.0,-5.050000000000001,3.5
2016,2,7,3,10000.0,0.4166666666666667,4.5
2016,2,7,4,10000.0,-1.35,2.1666666666666665
2016,2,8,1,10000.0,-2.1666666666666665,3.1666666666666665
2016,2,8,2,8833.333333333334,-1.3166666666666669,10.833333333333334
2016,2,8,3,7666.666666666667,5.95,12.833333333333334
2016,2,8,4,5750.0,3.7,14.833333333333334
2016,2,9,1,9500.0,-0.7333333333333334,12.333333333333334
2016,2,9,2,10000.0,0.8166666666666668,9.5
2016,2,9,3,10000.0,4.5,11.666666666666666
2016,2,9,4,10000.0,1.0666666666666669,7.666666666666667
2016,2,10,1,10000.0,-3.8,1.6666666666666667
2016,2,10,2,10000.0,-1.45,5.166666666666667
2016,2,10,3,10000.0,6.183333333333334,5.833333333333333
2016,2,10,4,10000.0,1.883333333333333,4.0
2016,2,11,1,10000.0,0.65,6.333333333333333
2016,2,11,2,10000.0,3.95,7.0
2016,2,11,3,10000.0,12.566666666666668,9.666666666666666
2016,2,11,4,9333.333333333334,10.3,8.166666666666666
2016,2,12,1,5100.0,7.483333333333333,10.0
2016,2,12,2,2350.0,6.7,7.833333333333333
2016,2,12,3,366.6666666666667,8.549999999999999,5.166666666666667
2016,2,12,4,150.0,8.500000000000002,3.1666666666666665
2016,2,13,1,166.66666666666666,8.083333333333334,4.666666666666667
2016,2,13,2,1366.6666666666667,9.766666666666667,5.833333333333333
2016,2,13,3,5783.333333333333,13.9,7.0
2016,2,13,4,5166.666666666667,7.816666666666667,14.0
2016,2,14,1,9333.333333333334,0.8999999999999999,19.33333333333333
2016,2,14,2,10000.0,-1.6666666666666667,20.5
2016,2,14,3,9333.333333333334,-2.516666666666667,20.166666666666668
2016,2,14,4,10000.0,-4.5,17.5
2016,2,15,1,10000.0,-7.316666666666666,17.166666666666668
2016,2,15,2,10000.0,-7.266666666666667,14.333333333333334
2016,2,15,3,10000.0,-3.6833333333333336,9.166666666666666
2016,2,15,4,7566.666666666667,-3.4,9.166666666666666
2016,2,16,1,10000.0,-4.0,7.333333333333333
2016,2,16,2,10000.0,-1.966666666666666,7.0
2016,2,16,3,8333.333333333334,1.0666666666666669,17.166666666666668
2016,2,16,4,10000.0,-0.3833333333333333,11.0
2016,2,17,1,10000.0,-1.3333333333333333,8.5
2016,2,17,2,10000.0,0.3499999999999999,6.333333333333333
2016,2,17,3,10000.0,3.683333333333333,8.333333333333334
2016,2,17,4,10000.0,2.033333333333333,6.166666666666667
2016,2,18,1,9666.666666666666,-0.0333333333333334,7.166666666666667
2016,2,18,2,9833.333333333334,1.15,11.166666666666666
2016,2,18,3,10000.0,7.400000000000001,15.666666666666666
2016,2,18,4,8500.0,5.433333333333333,13.5
2016,2,19,1,5666.666666666667,1.9,8.5
2016,2,19,2,6500.0,0.8333333333333334,3.5
2016,2,19,3,9500.0,3.5500000000000003,3.6666666666666665
2016,2,19,4,10000.0,1.35,2.333333333333333
2016,2,20,1,10000.0,-0.1666666666666666,3.0
2016,2,20,2,10000.0,0.9,5.166666666666667
2016,2,20,3,10000.0,4.3,13.5
2016,2,20,4,10000.0,0.2833333333333334,14.166666666666666
2016,2,21,1,10000.0,-2.0166666666666666,9.666666666666666
2016,2,21,2,10000.0,-0.4666666666666665,7.666666666666667
2016,2,21,3,10000.0,2.6666666666666674,11.666666666666666
2016,2,21,4,10000.0,-0.5833333333333334,3.0
2016,2,22,1,10000.0,-1.8666666666666665,2.833333333333333
2016,2,22,2,10000.0,0.0833333333333333,5.666666666666667
2016,2,22,3,10000.0,2.75,6.333333333333333
2016,2,22,4,9666.666666666666,2.1666666666666665,3.8333333333333335
2016,2,23,1,4250.0,0.65,3.6666666666666665
2016,2,23,2,3816.6666666666665,0.7333333333333334,7.5
2016,2,23,3,10000.0,2.583333333333333,14.166666666666666
2016,2,23,4,10000.0,-2.0000000000000004,15.666666666666666
2016,2,24,1,10000.0,-4.883333333333334,10.0
2016,2,24,2,10000.0,-4.466666666666667,6.333333333333333
2016,2,24,3,10000.0,-1.05,9.833333333333334
2016,2,24,4,10000.0,-1.9833333333333327,9.5
2016,2,25,1,10000.0,-4.6000000000000005,2.0
2016,2,25,2,10000.0,-1.2833333333333332,4.666666666666667
2016,2,25,3,10000.0,4.633333333333333,13.666666666666666
2016,2,25,4,8166.666666666667,2.35,9.5
2016,2,26,1,10000.0,-0.7833333333333332,7.166666666666667
2016,2,26,2,10000.0,-0.2166666666666666,3.6666666666666665
2016,2,26,3,10000.0,4.483333333333333,5.166666666666667
2016,2,26,4,7833.333333333333,2.983333333333333,5.0
2016,2,27,1,2683.333333333333,1.25,6.5
2016,2,27,2,4133.333333333333,1.6666666666666667,3.1666666666666665
2016,2,27,3,7166.666666666667,5.3,5.666666666666667
2016,2,27,4,4966.666666666667,1.85,3.0
2016,2,28,1,3850.0,0.7333333333333334,3.6666666666666665
2016,2,28,2,6833.333333333333,1.55,6.166666666666667
2016,2,28,3,3900.0,0.6666666666666669,9.333333333333334
2016,2,28,4,9333.333333333334,-0.1999999999999999,10.166666666666666
2016,2,29,1,10000.0,-1.9166666666666667,17.833333333333332
2016,2,29,2,10000.0,-3.266666666666666,17.5
2016,2,29,3,10000.0,-1.7999999999999998,17.666666666666668
2016,2,29,4,10000.0,-3.483333333333334,15.666666666666666
2016,3,1,1,10000.0,-5.083333333333333,9.833333333333334
2016,3,1,2,10000.0,-3.5333333333333328,5.333333333333333
2016,3,1,3,10000.0,0.4666666666666666,9.333333333333334
2016,3,1,4,10000.0,0.2166666666666666,6.166666666666667
2016,3,2,1,10000.0,-0.6833333333333335,8.166666666666666
2016,3,2,2,9500.0,1.0166666666666666,11.333333333333334
2016,3,2,3,10000.0,6.766666666666667,15.166666666666666
2016,3,2,4,10000.0,4.6,9.0
2016,3,3,1,8666.666666666666,3.983333333333333,7.666666666666667
2016,3,3,2,9000.0,4.8500000000000005,11.5
2016,3,3,3,9000.0,9.65,8.666666666666666
2016,3,3,4,8500.0,9.6,4.333333333333333
2016,3,4,1,4583.333333333333,7.333333333333333,4.166666666666667
2016,3,4,2,4333.333333333333,8.75,6.166666666666667
2016,3,4,3,9166.666666666666,16.933333333333334,9.833333333333334
2016,3,4,4,8000.0,11.766666666666666,9.833333333333334
2016,3,5,1,2400.0,10.45,11.666666666666666
2016,3,5,2,7166.666666666667,10.783333333333331,16.333333333333332
2016,3,5,3,2816.6666666666665,10.566666666666665,11.0
2016,3,5,4,2108.333333333333,6.266666666666667,5.333333333333333
2016,3,6,1,6241.666666666667,4.966666666666667,8.0
2016,3,6,2,8833.333333333334,4.883333333333333,6.5
2016,3,6,3,10000.0,9.033333333333337,8.0
2016,3,6,4,10000.0,4.800000000000001,4.5
2016,3,7,1,9666.666666666666,4.5,6.0
2016,3,7,2,10000.0,6.433333333333334,8.5
2016,3,7,3,10000.0,9.366666666666667,3.8333333333333335
2016,3,7,4,10000.0,6.416666666666667,4.166666666666667
2016,3,8,1,9333.333333333334,3.1833333333333336,7.0
2016,3,8,2,10000.0,2.5000000000000004,11.0
2016,3,8,3,10000.0,3.2999999999999994,11.666666666666666
2016,3,8,4,10000.0,0.2833333333333334,11.5
2016,3,9,1,10000.0,-1.2666666666666666,10.0
2016,3,9,2,10000.0,-0.95,12.5
2016,3,9,3,10000.0,2.566666666666667,16.0
2016,3,9,4,10000.0,-1.0333333333333334,14.833333333333334
2016,3,10,1,10000.0,-2.2500000000000004,11.333333333333334
2016,3,10,2,10000.0,-1.6,10.666666666666666
2016,3,10,3,10000.0,1.7833333333333334,13.666666666666666
2016,3,10,4,10000.0,0.5333333333333333,10.833333333333334
2016,3,11,1,10000.0,-3.2,7.333333333333333
2016,3,11,2,10000.0,-1.2333333333333334,8.166666666666666
2016,3,11,3,10000.0,1.6666666666666667,9.833333333333334
2016,3,11,4,10000.0,0.55,11.166666666666666
2016,3,12,1,10000.0,-1.1166666666666667,4.333333333333333
2016,3,12,2,10000.0,1.5166666666666666,11.166666666666666
2016,3,12,3,10000.0,5.283333333333333,13.833333333333334
2016,3,12,4,10000.0,3.4333333333333336,8.833333333333334
2016,3,13,1,10000.0,1.5,6.333333333333333
2016,3,13,2,8000.0,2.933333333333333,5.666666666666667
2016,3,13,3,8500.0,4.9,4.833333333333333
2016,3,13,4,7000.0,2.9,5.166666666666667
2016,3,14,1,3450.0,1.85,5.0
2016,3,14,2,4000.0,3.0666666666666664,7.5
2016,3,14,3,7666.666666666667,7.266666666666668,12.0
2016,3,14,4,10000.0,4.183333333333333,9.666666666666666
2016,3,15,1,10000.0,0.7000000000000001,5.166666666666667
2016,3,15,2,10000.0,3.283333333333333,2.1666666666666665
2016,3,15,3,10000.0,7.416666666666667,7.666666666666667
2016,3,15,4,10000.0,4.633333333333334,4.666666666666667
2016,3,16,1,9000.0,3.1833333333333336,4.666666666666667
2016,3,16,2,6666.666666666667,4.833333333333333,3.5
2016,3,16,3,10000.0,8.450000000000001,8.0
2016,3,16,4,10000.0,5.25,2.333333333333333
2016,3,17,1,10000.0,1.7166666666666668,1.6666666666666667
2016,3,17,2,8000.0,5.15,4.0
2016,3,17,3,9333.333333333334,10.866666666666667,4.666666666666667
2016,3,17,4,8333.333333333334,8.799999999999999,1.8333333333333333
2016,3,18,1,5366.666666666667,7.7,3.6666666666666665
2016,3,18,2,4650.0,9.966666666666669,5.833333333333333
2016,3,18,3,9000.0,15.25,7.666666666666667
2016,3,18,4,7333.333333333333,9.316666666666666,7.666666666666667
2016,3,19,1,5533.333333333333,6.566666666666666,7.5
2016,3,19,2,6800.0,8.033333333333333,9.0
2016,3,19,3,10000.0,12.066666666666668,13.0
2016,3,19,4,10000.0,7.933333333333333,7.666666666666667
2016,3,20,1,8166.666666666667,4.216666666666666,4.166666666666667
2016,3,20,2,5866.666666666667,5.516666666666666,5.833333333333333
2016,3,20,3,9666.666666666666,10.9,7.333333333333333
2016,3,20,4,9333.333333333334,6.233333333333334,4.0
2016,3,21,1,7166.666666666667,3.5000000000000004,1.6666666666666667
2016,3,21,2,6500.0,6.266666666666667,4.0
2016,3,21,3,10000.0,10.766666666666666,7.166666666666667
2016,3,21,4,10000.0,6.116666666666667,3.6666666666666665
2016,3,22,1,6133.333333333333,3.383333333333333,2.1666666666666665
2016,3,22,2,2716.6666666666665,3.866666666666666,5.166666666666667
2016,3,22,3,7500.0,7.883333333333333,7.333333333333333
2016,3,22,4,5416.666666666667,5.933333333333334,6.166666666666667
2016,3,23,1,3416.6666666666665,4.55,2.5
2016,3,23,2,6333.333333333333,5.933333333333334,7.166666666666667
2016,3,23,3,10000.0,10.233333333333333,15.166666666666666
2016,3,23,4,10000.0,6.599999999999999,17.333333333333332
2016,3,24,1,10000.0,3.45,10.5
2016,3,24,2,10000.0,4.766666666666667,8.0
2016,3,24,3,10000.0,8.666666666666666,12.5
2016,3,24,4,10000.0,5.05,8.666666666666666
2016,3,25,1,10000.0,2.8833333333333333,3.8333333333333335
2016,3,25,2,6150.0,4.266666666666667,5.0
2016,3,25,3,9666.666666666666,8.483333333333334,9.166666666666666
2016,3,25,4,10000.0,5.099999999999999,6.166666666666667
2016,3,26,1,9000.0,2.933333333333333,3.0
2016,3,26,2,8833.333333333334,4.8500000000000005,3.0
2016,3,26,3,10000.0,8.316666666666666,9.5
2016,3,26,4,9666.666666666666,5.416666666666667,8.5
2016,3,27,1,7500.0,3.766666666666666,5.5
2016,3,27,2,9000.0,5.650000000000001,3.5
2016,3,27,3,10000.0,8.983333333333334,11.166666666666666
2016,3,27,4,10000.0,5.849999999999999,7.666666666666667
2016,3,28,1,5366.666666666667,3.6,3.5
2016,3,28,2,4450.0,5.45,6.166666666666667
2016,3,28,3,10000.0,11.816666666666665,8.333333333333334
2016,3,28,4,6750.0,8.283333333333333,5.166666666666667
2016,3,29,1,2350.0,6.550000000000001,8.0
2016,3,29,2,5266.666666666667,9.366666666666667,13.833333333333334
2016,3,29,3,9000.0,12.8,16.833333333333332
2016,3,29,4,5283.333333333333,8.233333333333334,8.833333333333334
2016,3,30,1,1550.0,6.016666666666667,3.1666666666666665
2016,3,30,2,1533.3333333333333,5.416666666666667,4.666666666666667
2016,3,30,3,5466.666666666667,9.916666666666666,6.833333333333333
2016,3,30,4,6416.666666666667,7.083333333333333,3.1666666666666665
2016,3,31,1,4733.333333333333,4.516666666666667,1.8333333333333333
2016,3,31,2,6300.0,8.516666666666667,4.166666666666667
2016,3,31,3,10000.0,16.616666666666667,6.166666666666667
2016,3,31,4,9833.333333333334,10.383333333333336,3.5
2016,4,1,1,10000.0,7.016666666666667,4.166666666666667
2016,4,1,2,10000.0,11.316666666666668,2.833333333333333
2016,4,1,3,10000.0,16.8,8.5
2016,4,1,4,10000.0,11.0,4.0
2016,4,2,1,7833.333333333333,7.816666666666666,4.5
2016,4,2,2,6666.666666666667,11.616666666666667,3.8333333333333335
2016,4,2,3,7333.333333333333,16.533333333333335,9.666666666666666
2016,4,2,4,5766.666666666667,10.55,5.166666666666667
2016,4,3,1,3616.6666666666665,8.283333333333333,2.333333333333333
2016,4,3,2,7366.666666666667,10.1,3.333333333333333
2016,4,3,3,10000.0,11.516666666666667,6.666666666666667
2016,4,3,4,10000.0,9.283333333333331,3.0
2016,4,4,1,10000.0,5.866666666666666,3.1666666666666665
2016,4,4,2,10000.0,9.466666666666669,6.666666666666667
2016,4,4,3,10000.0,15.133333333333333,10.666666666666666
2016,4,4,4,10000.0,9.733333333333334,8.833333333333334
2016,4,5,1,10000.0,6.25,6.0
2016,4,5,2,10000.0,8.766666666666666,4.5
2016,4,5,3,10000.0,12.133333333333333,9.833333333333334
2016,4,5,4,10000.0,8.483333333333333,5.333333333333333
2016,4,6,1,10000.0,6.1000000000000005,3.5
2016,4,6,2,9833.333333333334,9.85,5.833333333333333
2016,4,6,3,6666.666666666667,18.183333333333334,5.666666666666667
2016,4,6,4,6083.333333333333,12.933333333333332,5.833333333333333
2016,4,7,1,2166.6666666666665,8.966666666666667,6.666666666666667
2016,4,7,2,6733.333333333333,12.483333333333334,7.0
2016,4,7,3,10000.0,16.916666666666664,14.833333333333334
2016,4,7,4,10000.0,10.4,8.666666666666666
2016,4,8,1,3566.6666666666665,6.766666666666666,5.833333333333333
2016,4,8,2,700.0,5.983333333333334,7.5
2016,4,8,3,3750.0,8.45,8.833333333333334
2016,4,8,4,2816.6666666666665,6.983333333333333,6.666666666666667
2016,4,9,1,3033.333333333333,6.500000000000001,4.666666666666667
2016,4,9,2,766.6666666666666,7.716666666666666,7.166666666666667
2016,4,9,3,2816.6666666666665,10.316666666666666,5.333333333333333
2016,4,9,4,1450.0,8.933333333333334,4.166666666666667
2016,4,10,1,1300.0,8.516666666666666,3.1666666666666665
2016,4,10,2,2100.0,10.95,4.5
2016,4,10,3,3400.0,13.066666666666668,8.833333333333334
2016,4,10,4,6083.333333333333,9.883333333333333,9.333333333333334
2016,4,11,1,10000.0,6.716666666666666,10.333333333333334
2016,4,11,2,10000.0,8.383333333333333,10.333333333333334
2016,4,11,3,10000.0,14.1,7.0
2016,4,11,4,10000.0,10.699999999999998,4.166666666666667
2016,4,12,1,6783.333333333333,8.049999999999999,4.666666666666667
2016,4,12,2,7483.333333333333,10.783333333333331,10.0
2016,4,12,3,10000.0,15.166666666666666,7.833333333333333
2016,4,12,4,10000.0,12.283333333333331,3.6666666666666665
2016,4,13,1,7450.0,11.55,3.0
2016,4,13,2,3016.6666666666665,12.433333333333335,4.333333333333333
2016,4,13,3,7216.666666666667,16.633333333333333,7.166666666666667
2016,4,13,4,8166.666666666667,9.75,5.0
2016,4,14,1,2275.0,7.766666666666667,5.333333333333333
2016,4,14,2,2516.6666666666665,7.35,6.166666666666667
2016,4,14,3,4966.666666666667,9.666666666666668,6.0
2016,4,14,4,2183.333333333333,6.683333333333333,4.333333333333333
2016,4,15,1,125.0,5.05,5.0
2016,4,15,2,1516.6666666666667,8.816666666666668,6.166666666666667
2016,4,15,3,6500.0,17.766666666666666,8.666666666666666
2016,4,15,4,7833.333333333333,11.05,2.833333333333333
2016,4,16,1,7000.0,8.816666666666668,4.166666666666667
2016,4,16,2,8000.0,13.216666666666669,7.0
2016,4,16,3,9000.0,17.05,10.0
2016,4,16,4,2666.6666666666665,13.283333333333331,13.333333333333334
2016,4,17,1,2416.6666666666665,11.116666666666667,20.166666666666668
2016,4,17,2,7500.0,10.566666666666665,21.5
2016,4,17,3,7166.666666666667,12.0,20.0
2016,4,17,4,9666.666666666666,8.916666666666666,13.333333333333334
2016,4,18,1,10000.0,7.933333333333334,8.666666666666666
2016,4,18,2,10000.0,10.166666666666666,5.333333333333333
2016,4,18,3,7666.666666666667,13.299999999999995,14.5
2016,4,18,4,6666.666666666667,9.050000000000002,14.5
2016,4,19,1,10000.0,7.283333333333334,11.666666666666666
2016,4,19,2,10000.0,9.516666666666667,4.5
2016,4,19,3,10000.0,13.483333333333334,9.833333333333334
2016,4,19,4,10000.0,9.683333333333332,4.333333333333333
2016,4,20,1,9666.666666666666,9.433333333333332,2.833333333333333
2016,4,20,2,8000.0,11.85,6.833333333333333
2016,4,20,3,10000.0,15.9,10.5
2016,4,20,4,5250.0,12.583333333333336,5.833333333333333
2016,4,21,1,2933.333333333333,11.1,7.333333333333333
2016,4,21,2,3100.0,11.666666666666666,7.166666666666667
2016,4,21,3,9166.666666666666,14.583333333333334,7.0
2016,4,21,4,10000.0,12.35,6.333333333333333
2016,4,22,1,5500.0,10.416666666666666,6.166666666666667
2016,4,22,2,3583.333333333333,11.616666666666664,12.333333333333334
2016,4,22,3,2533.333333333333,11.45,10.5
2016,4,22,4,933.3333333333334,9.5,4.333333333333333
2016,4,23,1,3016.6666666666665,8.716666666666665,3.8333333333333335
2016,4,23,2,3516.6666666666665,10.3,3.5
2016,4,23,3,5750.0,15.35,6.5
2016,4,23,4,5833.333333333333,10.6,6.333333333333333
2016,4,24,1,6000.0,8.316666666666666,4.333333333333333
2016,4,24,2,9000.0,12.316666666666665,5.166666666666667
2016,4,24,3,10000.0,18.383333333333336,8.833333333333334
2016,4,24,4,10000.0,12.65,4.833333333333333
2016,4,25,1,10000.0,9.266666666666667,1.3333333333333333
2016,4,25,2,10000.0,13.466666666666669,1.8333333333333333
2016,4,25,3,10000.0,18.53333333333333,7.833333333333333
2016,4,25,4,10000.0,13.066666666666668,5.0
2016,4,26,1,10000.0,11.783333333333331,2.333333333333333
2016,4,26,2,9166.666666666666,16.21666666666667,5.333333333333333
2016,4,26,3,9333.333333333334,24.433333333333334,7.166666666666667
2016,4,26,4,10000.0,19.4,9.5
2016,4,27,1,10000.0,14.4,13.166666666666666
2016,4,27,2,10000.0,13.5,13.0
2016,4,27,3,10000.0,18.55,8.5
2016,4,27,4,10000.0,15.916666666666666,8.833333333333334
2016,4,28,1,10000.0,12.416666666666666,8.333333333333334
2016,4,28,2,10000.0,14.266666666666667,6.0
2016,4,28,3,10000.0,17.2,9.666666666666666
2016,4,28,4,9333.333333333334,12.066666666666668,5.166666666666667
2016,4,29,1,7666.666666666667,10.433333333333334,6.5
2016,4,29,2,5133.333333333333,13.516666666666666,6.5
2016,4,29,3,9666.666666666666,16.183333333333334,8.0
2016,4,29,4,10000.0,11.333333333333334,6.0
2016,4,30,1,9333.333333333334,9.983333333333334,7.166666666666667
2016,4,30,2,9666.666666666666,13.716666666666669,14.0
2016,4,30,3,10000.0,16.51666666666667,17.166666666666668
2016,4,30,4,10000.0,15.416666666666666,14.666666666666666
2016,5,1,1,10000.0,12.35,5.5
2016,5,1,2,10000.0,15.8,8.666666666666666
2016,5,1,3,10000.0,20.25,14.166666666666666
2016,5,1,4,10000.0,16.399999999999995,8.166666666666666
2016,5,2,1,10000.0,15.5,5.5
2016,5,2,2,9333.333333333334,19.25,10.666666666666666
2016,5,2,3,9666.666666666666,23.98333333333333,11.833333333333334
2016,5,2,4,3466.6666666666665,17.01666666666667,11.666666666666666
2016,5,3,1,1900.0,16.11666666666667,17.0
2016,5,3,2,2783.333333333333,15.0,20.666666666666668
2016,5,3,3,6750.0,10.333333333333334,21.0
2016,5,3,4,9000.0,10.4,26.33333333333333
2016,5,4,1,10000.0,11.483333333333334,26.166666666666668
2016,5,4,2,10000.0,15.016666666666666,22.83333333333333
2016,5,4,3,10000.0,17.48333333333333,22.83333333333333
2016,5,4,4,10000.0,14.233333333333334,14.666666666666666
2016,5,5,1,10000.0,10.316666666666665,3.333333333333333
2016,5,5,2,9833.333333333334,14.216666666666669,8.166666666666666
2016,5,5,3,10000.0,22.416666666666668,7.833333333333333
2016,5,5,4,10000.0,19.95,9.333333333333334
2016,5,6,1,10000.0,16.75,11.5
2016,5,6,2,5866.666666666667,15.833333333333334,7.166666666666667
2016,5,6,3,3150.0,13.75,10.166666666666666
2016,5,6,4,6433.333333333333,12.266666666666666,5.833333333333333
2016,5,7,1,8500.0,10.85,6.5
2016,5,7,2,10000.0,13.95,5.833333333333333
2016,5,7,3,10000.0,18.46666666666667,11.5
2016,5,7,4,10000.0,14.866666666666667,7.666666666666667
2016,5,8,1,10000.0,12.1,2.5
2016,5,8,2,10000.0,16.516666666666666,4.333333333333333
2016,5,8,3,10000.0,22.46666666666667,8.166666666666666
2016,5,8,4,10000.0,16.033333333333335,3.8333333333333335
2016,5,9,1,10000.0,14.566666666666668,2.6666666666666665
2016,5,9,2,10000.0,16.98333333333333,3.5
2016,5,9,3,10000.0,18.6,9.833333333333334
2016,5,9,4,10000.0,16.416666666666668,6.666666666666667
2016,5,10,1,9333.333333333334,14.066666666666668,7.333333333333333
2016,5,10,2,8333.333333333334,12.4,6.5
2016,5,10,3,8000.0,14.266666666666666,8.0
2016,5,10,4,10000.0,14.183333333333335,7.5
2016,5,11,1,10000.0,11.666666666666666,6.833333333333333
2016,5,11,2,10000.0,14.85,6.0
2016,5,11,3,10000.0,18.33333333333333,10.666666666666666
2016,5,11,4,10000.0,13.666666666666664,5.333333333333333
2016,5,12,1,10000.0,11.533333333333331,5.0
2016,5,12,2,7666.666666666667,15.433333333333332,9.166666666666666
2016,5,12,3,10000.0,19.566666666666663,12.666666666666666
2016,5,12,4,8583.333333333334,13.949999999999998,11.166666666666666
2016,5,13,1,4133.333333333333,12.55,8.833333333333334
2016,5,13,2,10000.0,15.083333333333334,11.833333333333334
2016,5,13,3,10000.0,20.3,10.0
2016,5,13,4,10000.0,16.950000000000003,5.0
2016,5,14,1,10000.0,13.916666666666666,3.5
2016,5,14,2,9500.0,17.283333333333335,8.166666666666666
2016,5,14,3,10000.0,22.55,9.833333333333334
2016,5,14,4,10000.0,17.433333333333334,6.666666666666667
2016,5,15,1,10000.0,15.216666666666669,3.333333333333333
2016,5,15,2,9833.333333333334,17.966666666666665,8.0
2016,5,15,3,5533.333333333333,18.03333333333333,12.833333333333334
2016,5,15,4,2750.0,12.566666666666668,15.0
2016,5,16,1,7283.333333333333,12.033333333333331,10.333333333333334
2016,5,16,2,10000.0,14.333333333333334,9.5
2016,5,16,3,10000.0,17.450000000000003,11.5
2016,5,16,4,10000.0,14.033333333333331,9.0
2016,5,17,1,8000.0,11.333333333333334,3.333333333333333
2016,5,17,2,5666.666666666667,15.266666666666666,6.333333333333333
2016,5,17,3,8666.666666666666,21.6,6.0
2016,5,17,4,8500.0,16.766666666666666,4.666666666666667
2016,5,18,1,6500.0,13.316666666666665,2.6666666666666665
2016,5,18,2,5333.333333333333,18.6,3.8333333333333335
2016,5,18,3,9500.0,23.7,7.5
2016,5,18,4,10000.0,18.51666666666667,5.333333333333333
2016,5,19,1,10000.0,15.433333333333332,2.1666666666666665
2016,5,19,2,10000.0,21.633333333333336,8.0
2016,5,19,3,10000.0,27.15,7.666666666666667
2016,5,19,4,10000.0,21.28333333333333,5.5
2016,5,20,1,10000.0,16.133333333333333,1.8333333333333333
2016,5,20,2,5666.666666666667,20.316666666666663,4.5
2016,5,20,3,4950.0,23.8,9.0
2016,5,20,4,6166.666666666667,19.4,4.5
2016,5,21,1,5250.0,15.849999999999996,6.166666666666667
2016,5,21,2,8166.666666666667,22.383333333333336,6.0
2016,5,21,3,10000.0,26.8,7.166666666666667
2016,5,21,4,10000.0,21.166666666666668,3.1666666666666665
2016,5,22,1,8833.333333333334,17.216666666666665,3.1666666666666665
2016,5,22,2,8500.0,21.883333333333336,5.5
2016,5,22,3,10000.0,26.71666666666667,6.166666666666667
2016,5,22,4,10000.0,20.183333333333334,6.333333333333333
2016,5,23,1,9333.333333333334,17.083333333333332,1.8333333333333333
2016,5,23,2,6666.666666666667,20.51666666666667,4.166666666666667
2016,5,23,3,9000.0,23.08333333333333,7.666666666666667
2016,5,23,4,9666.666666666666,17.76666666666667,6.333333333333333
2016,5,24,1,3483.333333333333,16.45,8.833333333333334
2016,5,24,2,5266.666666666667,14.783333333333331,10.666666666666666
2016,5,24,3,9333.333333333334,16.5,9.5
2016,5,24,4,7033.333333333333,15.266666666666666,6.166666666666667
2016,5,25,1,3733.3333333333335,15.3,4.833333333333333
2016,5,25,2,2816.6666666666665,16.899999999999995,7.833333333333333
2016,5,25,3,4016.6666666666665,20.78333333333333,10.166666666666666
2016,5,25,4,4900.0,18.05,8.166666666666666
2016,5,26,1,3850.0,16.733333333333334,6.666666666666667
2016,5,26,2,4483.333333333333,17.883333333333336,6.666666666666667
2016,5,26,3,4316.666666666667,17.983333333333334,6.666666666666667
2016,5,26,4,2583.333333333333,15.95,5.833333333333333
2016,5,27,1,1433.3333333333333,14.9,3.333333333333333
2016,5,27,2,2566.6666666666665,17.966666666666665,6.5
2016,5,27,3,3133.333333333333,21.716666666666665,9.5
2016,5,27,4,3700.0,17.76666666666667,6.166666666666667
2016,5,28,1,3866.6666666666665,15.066666666666668,4.333333333333333
2016,5,28,2,5883.333333333333,17.88333333333333,5.166666666666667
2016,5,28,3,10000.0,21.916666666666668,9.5
2016,5,28,4,8750.0,18.166666666666664,10.833333333333334
2016,5,29,1,4333.333333333333,14.9,4.0
2016,5,29,2,7666.666666666667,17.21666666666667,5.666666666666667
2016,5,29,3,10000.0,22.149999999999995,10.0
2016,5,29,4,5916.666666666667,19.250000000000004,8.0
2016,5,30,1,3166.6666666666665,17.0,6.333333333333333
2016,5,30,2,3433.333333333333,19.416666666666668,7.333333333333333
2016,5,30,3,6666.666666666667,23.23333333333333,10.333333333333334
2016,5,30,4,4166.666666666667,18.183333333333334,8.833333333333334
2016,5,31,1,2158.333333333333,15.55,7.666666666666667
2016,5,31,2,8250.0,18.683333333333334,6.166666666666667
2016,5,31,3,10000.0,21.450000000000003,9.333333333333334
2016,5,31,4,8666.666666666666,17.733333333333334,6.666666666666667
2016,6,1,1,3033.333333333333,15.816666666666668,4.666666666666667
2016,6,1,2,6550.0,20.433333333333334,8.5
2016,6,1,3,10000.0,26.03333333333333,7.666666666666667
2016,6,1,4,10000.0,21.55,8.666666666666666
2016,6,2,1,9500.0,18.85,2.833333333333333
2016,6,2,2,9500.0,21.46666666666667,5.833333333333333
2016,6,2,3,5500.0,23.26666666666667,9.666666666666666
2016,6,2,4,10000.0,19.45,8.0
2016,6,3,1,10000.0,16.716666666666665,5.666666666666667
2016,6,3,2,10000.0,20.016666666666666,5.0
2016,6,3,3,10000.0,22.866666666666664,10.833333333333334
2016,6,3,4,10000.0,19.05,5.5
2016,6,4,1,10000.0,17.633333333333336,3.6666666666666665
2016,6,4,2,10000.0,19.433333333333334,4.666666666666667
2016,6,4,3,10000.0,21.11666666666667,9.833333333333334
2016,6,4,4,10000.0,18.95,5.833333333333333
2016,6,5,1,10000.0,17.416666666666664,5.833333333333333
2016,6,5,2,10000.0,20.766666666666666,7.666666666666667
2016,6,5,3,10000.0,25.51666666666667,9.166666666666666
2016,6,5,4,10000.0,21.433333333333334,4.166666666666667
2016,6,6,1,10000.0,18.73333333333333,6.666666666666667
2016,6,6,2,10000.0,21.2,12.166666666666666
2016,6,6,3,10000.0,22.35,8.833333333333334
2016,6,6,4,9666.666666666666,18.95,3.8333333333333335
2016,6,7,1,7000.0,19.03333333333333,3.333333333333333
2016,6,7,2,7533.333333333333,18.666666666666668,5.333333333333333
2016,6,7,3,10000.0,22.1,9.333333333333334
2016,6,7,4,9833.333333333334,18.2,6.666666666666667
2016,6,8,1,3783.3333333333335,16.666666666666668,4.666666666666667
2016,6,8,2,8833.333333333334,18.53333333333333,6.0
2016,6,8,3,10000.0,21.55,9.333333333333334
2016,6,8,4,4233.333333333333,18.3,7.333333333333333
2016,6,9,1,383.3333333333333,16.366666666666664,6.333333333333333
2016,6,9,2,3483.333333333333,18.45,5.0
2016,6,9,3,8500.0,22.883333333333336,10.666666666666666
2016,6,9,4,10000.0,19.33333333333333,6.0
2016,6,10,1,7000.0,17.333333333333332,3.5
2016,6,10,2,8000.0,21.23333333333333,4.333333333333333
2016,6,10,3,9333.333333333334,24.316666666666663,9.0
2016,6,10,4,6333.333333333333,20.016666666666666,5.0
2016,6,11,1,5833.333333333333,19.5,4.666666666666667
2016,6,11,2,5166.666666666667,21.683333333333334,8.833333333333334
2016,6,11,3,5366.666666666667,23.8,8.333333333333334
2016,6,11,4,3833.3333333333335,20.916666666666668,8.166666666666666
2016,6,12,1,1700.0,19.883333333333333,4.166666666666667
2016,6,12,2,2283.333333333333,20.36666666666667,3.0
2016,6,12,3,8333.333333333334,23.05,10.333333333333334
2016,6,12,4,3950.0,18.73333333333333,7.0
2016,6,13,1,1700.0,16.633333333333333,6.0
2016,6,13,2,3550.0,18.73333333333333,6.333333333333333
2016,6,13,3,6633.333333333333,23.433333333333334,10.166666666666666
2016,6,13,4,7500.0,19.4,6.333333333333333
2016,6,14,1,6333.333333333333,17.383333333333333,4.833333333333333
2016,6,14,2,4883.333333333333,19.683333333333334,7.333333333333333
2016,6,14,3,9666.666666666666,23.46666666666667,10.666666666666666
2016,6,14,4,6333.333333333333,20.35,4.666666666666667
2016,6,15,1,6000.0,19.9,7.333333333333333
2016,6,15,2,6916.666666666667,19.1,10.666666666666666
2016,6,15,3,7500.0,20.53333333333333,14.666666666666666
2016,6,15,4,3616.6666666666665,18.966666666666665,9.0
2016,6,16,1,5833.333333333333,17.55,5.166666666666667
2016,6,16,2,8666.666666666666,19.316666666666663,8.166666666666666
2016,6,16,3,8166.666666666667,21.98333333333333,11.666666666666666
2016,6,16,4,7333.333333333333,19.133333333333333,9.0
2016,6,17,1,2566.6666666666665,17.783333333333335,5.833333333333333
2016,6,17,2,4583.333333333333,20.6,11.5
2016,6,17,3,8333.333333333334,24.83333333333333,12.166666666666666
2016,6,17,4,5166.666666666667,21.86666666666667,8.333333333333334
2016,6,18,1,1733.3333333333333,19.05,6.833333333333333
2016,6,18,2,2883.333333333333,19.71666666666667,5.333333333333333
2016,6,18,3,5433.333333333333,22.6,9.166666666666666
2016,6,18,4,5333.333333333333,20.9,4.333333333333333
2016,6,19,1,3566.6666666666665,19.366666666666664,3.5
2016,6,19,2,5566.666666666667,22.05,5.166666666666667
2016,6,19,3,10000.0,25.0,9.5
2016,6,19,4,6300.0,21.03333333333333,5.833333333333333
2016,6,20,1,3200.0,18.9,3.5
2016,6,20,2,6333.333333333333,21.25,4.833333333333333
2016,6,20,3,6333.333333333333,24.7,6.666666666666667
2016,6,20,4,6666.666666666667,23.2,5.666666666666667
2016,6,21,1,4016.6666666666665,20.98333333333333,2.6666666666666665
2016,6,21,2,4883.333333333333,23.85,4.166666666666667
2016,6,21,3,6666.666666666667,24.6,7.333333333333333
2016,6,21,4,7166.666666666667,22.55,4.333333333333333
2016,6,22,1,4866.666666666667,21.05,2.6666666666666665
2016,6,22,2,4083.3333333333335,24.066666666666663,5.166666666666667
2016,6,22,3,4383.333333333333,24.78333333333333,10.666666666666666
2016,6,22,4,5750.0,22.45,8.333333333333334
2016,6,23,1,9666.666666666666,19.78333333333333,5.166666666666667
2016,6,23,2,8333.333333333334,23.53333333333333,4.5
2016,6,23,3,5200.0,25.1,9.5
2016,6,23,4,4216.666666666667,21.03333333333333,3.333333333333333
2016,6,24,1,1650.0,20.266666666666666,3.5
2016,6,24,2,2233.333333333333,20.966666666666665,4.0
2016,6,24,3,6666.666666666667,23.2,11.333333333333334
2016,6,24,4,10000.0,21.05,13.333333333333334
2016,6,25,1,10000.0,19.15,7.5
2016,6,25,2,10000.0,21.566666666666663,11.833333333333334
2016,6,25,3,10000.0,24.416666666666668,12.666666666666666
2016,6,25,4,10000.0,21.916666666666668,9.833333333333334
2016,6,26,1,10000.0,19.73333333333333,7.333333333333333
2016,6,26,2,10000.0,22.58333333333333,6.0
2016,6,26,3,10000.0,26.416666666666668,11.833333333333334
2016,6,26,4,10000.0,22.4,9.166666666666666
2016,6,27,1,7666.666666666667,19.45,5.5
2016,6,27,2,8000.0,21.96666666666667,7.666666666666667
2016,6,27,3,10000.0,26.066666666666663,5.333333333333333
2016,6,27,4,7300.0,22.03333333333333,7.0
2016,6,28,1,1300.0,19.28333333333333,3.333333333333333
2016,6,28,2,4316.666666666667,20.916666666666668,2.6666666666666665
2016,6,28,3,6333.333333333333,24.166666666666668,8.0
2016,6,28,4,5766.666666666667,21.316666666666663,5.0
2016,6,29,1,2933.333333333333,19.9,2.833333333333333
2016,6,29,2,6250.0,23.76666666666667,6.833333333333333
2016,6,29,3,8666.666666666666,25.63333333333333,10.0
2016,6,29,4,8166.666666666667,22.21666666666667,7.333333333333333
2016,6,30,1,5216.666666666667,21.316666666666663,6.5
2016,6,30,2,4116.666666666667,21.9,7.833333333333333
2016,6,30,3,9500.0,23.61666666666667,9.5
2016,6,30,4,3866.6666666666665,22.23333333333333,9.333333333333334
2016,7,1,1,6500.0,22.133333333333336,10.666666666666666
2016,7,1,2,9000.0,23.9,10.666666666666666
2016,7,1,3,7000.0,23.516666666666666,8.0
2016,7,1,4,2266.6666666666665,21.666666666666668,7.5
2016,7,2,1,3616.6666666666665,20.75,4.833333333333333
2016,7,2,2,9000.0,21.516666666666666,7.0
2016,7,2,3,10000.0,24.61666666666667,6.833333333333333
2016,7,2,4,10000.0,22.33333333333333,7.333333333333333
2016,7,3,1,5333.333333333333,20.5,5.5
2016,7,3,2,3350.0,21.48333333333333,3.8333333333333335
2016,7,3,3,6250.0,23.766666666666666,3.8333333333333335
2016,7,3,4,8833.333333333334,22.0,4.0
2016,7,4,1,3883.3333333333335,20.866666666666667,6.333333333333333
2016,7,4,2,7666.666666666667,22.633333333333336,8.166666666666666
2016,7,4,3,5650.0,21.78333333333333,7.666666666666667
2016,7,4,4,3583.333333333333,21.183333333333334,9.333333333333334
2016,7,5,1,3550.0,22.366666666666664,11.0
2016,7,5,2,4500.0,23.183333333333334,12.833333333333334
2016,7,5,3,3750.0,23.08333333333333,12.666666666666666
2016,7,5,4,6600.0,21.03333333333333,4.833333333333333
2016,7,6,1,10000.0,19.933333333333334,5.333333333333333
2016,7,6,2,10000.0,20.23333333333333,6.5
2016,7,6,3,10000.0,22.866666666666664,5.666666666666667
2016,7,6,4,10000.0,20.366666666666667,6.0
2016,7,7,1,10000.0,19.5,3.0
2016,7,7,2,9666.666666666666,21.366666666666664,2.1666666666666665
2016,7,7,3,10000.0,25.516666666666666,5.833333333333333
2016,7,7,4,10000.0,23.35,2.833333333333333
2016,7,8,1,9166.666666666666,20.816666666666663,2.833333333333333
2016,7,8,2,5400.0,24.8,4.833333333333333
2016,7,8,3,7833.333333333333,28.166666666666668,9.166666666666666
2016,7,8,4,9333.333333333334,23.95,7.166666666666667
2016,7,9,1,7666.666666666667,22.683333333333337,3.1666666666666665
2016,7,9,2,9333.333333333334,26.416666666666668,3.5
2016,7,9,3,10000.0,28.433333333333334,9.833333333333334
2016,7,9,4,10000.0,24.05,5.333333333333333
2016,7,10,1,10000.0,21.683333333333337,2.1666666666666665
2016,7,10,2,10000.0,24.45,3.0
2016,7,10,3,10000.0,27.78333333333333,7.333333333333333
2016,7,10,4,10000.0,24.416666666666668,4.666666666666667
2016,7,11,1,10000.0,22.166666666666668,2.1666666666666665
2016,7,11,2,10000.0,24.4,2.1666666666666665
2016,7,11,3,10000.0,29.149999999999995,8.166666666666666
2016,7,11,4,10000.0,25.183333333333337,6.0
2016,7,12,1,9833.333333333334,22.899999999999995,6.0
2016,7,12,2,8500.0,24.48333333333333,4.0
2016,7,12,3,10000.0,26.600000000000005,7.5
2016,7,12,4,10000.0,23.816666666666663,5.666666666666667
2016,7,13,1,9000.0,22.633333333333336,3.5
2016,7,13,2,5233.333333333333,23.63333333333333,6.5
2016,7,13,3,7000.0,25.450000000000003,8.333333333333334
2016,7,13,4,8833.333333333334,23.933333333333334,6.5
2016,7,14,1,6600.0,23.03333333333333,6.0
2016,7,14,2,9333.333333333334,24.399999999999995,8.166666666666666
2016,7,14,3,10000.0,27.83333333333333,13.166666666666666
2016,7,14,4,10000.0,26.33333333333333,4.0
2016,7,15,1,10000.0,24.566666666666663,5.0
2016,7,15,2,10000.0,25.46666666666667,8.333333333333334
2016,7,15,3,10000.0,27.366666666666664,7.5
2016,7,15,4,9500.0,25.33333333333333,4.666666666666667
2016,7,16,1,6333.333333333333,21.916666666666668,8.5
2016,7,16,2,3433.333333333333,19.933333333333334,9.166666666666666
2016,7,16,3,3633.3333333333335,21.016666666666666,10.0
2016,7,16,4,1250.0,21.383333333333336,15.333333333333334
2016,7,17,1,6416.666666666667,20.35,12.0
2016,7,17,2,9000.0,20.916666666666668,7.666666666666667
2016,7,17,3,10000.0,21.46666666666667,8.333333333333334
2016,7,17,4,10000.0,20.95,6.333333333333333
2016,7,18,1,10000.0,20.46666666666667,4.666666666666667
2016,7,18,2,10000.0,22.21666666666667,3.333333333333333
2016,7,18,3,10000.0,25.100000000000005,8.833333333333334
2016,7,18,4,10000.0,22.78333333333333,5.166666666666667
2016,7,19,1,9000.0,21.13333333333333,2.1666666666666665
2016,7,19,2,4950.0,24.116666666666664,7.0
2016,7,19,3,7333.333333333333,28.816666666666663,7.0
2016,7,19,4,8833.333333333334,25.98333333333333,3.1666666666666665
2016,7,20,1,5216.666666666667,23.55,2.6666666666666665
2016,7,20,2,5333.333333333333,26.133333333333336,6.5
2016,7,20,3,6666.666666666667,30.116666666666664,6.833333333333333
2016,7,20,4,8000.0,28.383333333333336,5.0
2016,7,21,1,7500.0,24.8,7.166666666666667
2016,7,21,2,10000.0,25.683333333333334,10.0
2016,7,21,3,10000.0,29.78333333333333,9.666666666666666
2016,7,21,4,9833.333333333334,28.1,4.166666666666667
2016,7,22,1,9000.0,25.566666666666663,5.333333333333333
2016,7,22,2,9333.333333333334,27.35,9.5
2016,7,22,3,9833.333333333334,30.41666666666667,10.666666666666666
2016,7,22,4,10000.0,27.066666666666663,6.666666666666667
2016,7,23,1,10000.0,25.8,5.666666666666667
2016,7,23,2,8333.333333333334,26.816666666666663,9.5
2016,7,23,3,10000.0,28.816666666666663,10.833333333333334
2016,7,23,4,9333.333333333334,26.466666666666665,7.333333333333333
2016,7,24,1,10000.0,25.8,5.166666666666667
2016,7,24,2,10000.0,25.83333333333333,7.666666666666667
2016,7,24,3,10000.0,27.41666666666666,9.0
2016,7,24,4,9666.666666666666,26.933333333333334,7.5
2016,7,25,1,4733.333333333333,25.4,5.166666666666667
2016,7,25,2,4650.0,26.166666666666668,6.833333333333333
2016,7,25,3,8666.666666666666,27.950000000000003,8.666666666666666
2016,7,25,4,6700.0,25.716666666666665,6.0
2016,7,26,1,2883.333333333333,24.25,6.666666666666667
2016,7,26,2,6033.333333333333,25.86666666666667,9.166666666666666
2016,7,26,3,10000.0,28.216666666666665,10.666666666666666
2016,7,26,4,10000.0,27.03333333333333,7.5
2016,7,27,1,7666.666666666667,25.383333333333336,7.333333333333333
2016,7,27,2,9333.333333333334,26.4,11.833333333333334
2016,7,27,3,9666.666666666666,27.616666666666664,13.0
2016,7,27,4,10000.0,26.23333333333333,10.666666666666666
2016,7,28,1,6033.333333333333,25.33333333333333,8.833333333333334
2016,7,28,2,2766.6666666666665,24.05,6.166666666666667
2016,7,28,3,6166.666666666667,27.016666666666666,7.833333333333333
2016,7,28,4,7333.333333333333,25.85,3.333333333333333
2016,7,29,1,4916.666666666667,24.383333333333336,3.6666666666666665
2016,7,29,2,5300.0,23.61666666666667,8.0
2016,7,29,3,9033.333333333334,25.883333333333336,11.666666666666666
2016,7,29,4,5800.0,26.65,6.166666666666667
2016,7,30,1,3866.6666666666665,25.950000000000003,7.333333333333333
2016,7,30,2,6250.0,24.95,5.5
2016,7,30,3,10000.0,29.316666666666663,3.8333333333333335
2016,7,30,4,7666.666666666667,26.98333333333333,4.666666666666667
2016,7,31,1,1300.0,25.73333333333333,2.6666666666666665
2016,7,31,2,5133.333333333333,27.183333333333334,3.0
2016,7,31,3,9333.333333333334,29.433333333333334,8.833333333333334
2016,7,31,4,7166.666666666667,26.5,3.5
2016,8,1,1,616.6666666666666,24.266666666666666,5.0
2016,8,1,2,5566.666666666667,25.816666666666663,2.5
2016,8,1,3,10000.0,28.416666666666668,8.333333333333334
2016,8,1,4,8833.333333333334,25.48333333333333,4.333333333333333
2016,8,2,1,1666.6666666666667,24.35,4.166666666666667
2016,8,2,2,5800.0,25.95,3.6666666666666665
2016,8,2,3,10000.0,27.88333333333333,8.166666666666666
2016,8,2,4,10000.0,26.133333333333336,4.666666666666667
2016,8,3,1,10000.0,24.816666666666663,3.6666666666666665
2016,8,3,2,10000.0,27.3,3.8333333333333335
2016,8,3,3,10000.0,30.33333333333333,6.666666666666667
2016,8,3,4,10000.0,27.266666666666666,5.0
2016,8,4,1,9666.666666666666,25.28333333333333,2.1666666666666665
2016,8,4,2,7166.666666666667,27.866666666666664,3.1666666666666665
2016,8,4,3,8666.666666666666,31.05,8.833333333333334
2016,8,4,4,10000.0,27.28333333333333,6.833333333333333
2016,8,5,1,10000.0,25.88333333333333,3.1666666666666665
2016,8,5,2,4733.333333333333,27.899999999999995,4.0
2016,8,5,3,9000.0,31.433333333333337,9.833333333333334
2016,8,5,4,9500.0,27.450000000000003,7.333333333333333
2016,8,6,1,9333.333333333334,26.28333333333333,2.1666666666666665
2016,8,6,2,7166.666666666667,28.11666666666667,4.0
2016,8,6,3,9333.333333333334,30.916666666666668,10.166666666666666
2016,8,6,4,10000.0,27.58333333333333,6.833333333333333
2016,8,7,1,10000.0,25.516666666666666,2.1666666666666665
2016,8,7,2,10000.0,27.766666666666666,3.8333333333333335
2016,8,7,3,10000.0,30.46666666666667,11.5
2016,8,7,4,10000.0,27.15,7.333333333333333
2016,8,8,1,8333.333333333334,25.53333333333333,2.333333333333333
2016,8,8,2,8833.333333333334,28.266666666666666,3.5
2016,8,8,3,10000.0,30.58333333333334,11.666666666666666
2016,8,8,4,9500.0,27.700000000000003,6.333333333333333
2016,8,9,1,10000.0,25.25,8.333333333333334
2016,8,9,2,10000.0,27.51666666666667,8.666666666666666
2016,8,9,3,10000.0,31.566666666666663,8.333333333333334
2016,8,9,4,7833.333333333333,27.616666666666664,7.5
2016,8,10,1,5950.0,25.33333333333333,3.6666666666666665
2016,8,10,2,8500.0,27.399999999999995,3.6666666666666665
2016,8,10,3,10000.0,30.133333333333336,11.5
2016,8,10,4,10000.0,27.03333333333333,8.5
2016,8,11,1,9000.0,25.766666666666666,2.833333333333333
2016,8,11,2,8000.0,27.66666666666667,3.333333333333333
2016,8,11,3,10000.0,31.4,9.5
2016,8,11,4,10000.0,27.616666666666664,10.0
2016,8,12,1,5833.333333333333,26.066666666666663,4.5
2016,8,12,2,6566.666666666667,27.616666666666664,4.5
2016,8,12,3,10000.0,30.38333333333333,11.333333333333334
2016,8,12,4,8833.333333333334,27.633333333333336,9.333333333333334
2016,8,13,1,8500.0,26.48333333333333,4.333333333333333
2016,8,13,2,9333.333333333334,27.966666666666665,6.5
2016,8,13,3,10000.0,30.6,8.833333333333334
2016,8,13,4,9666.666666666666,28.28333333333333,8.166666666666666
2016,8,14,1,6166.666666666667,26.916666666666668,4.0
2016,8,14,2,6666.666666666667,28.166666666666668,6.833333333333333
2016,8,14,3,8333.333333333334,29.383333333333336,11.0
2016,8,14,4,10000.0,27.816666666666663,5.0
2016,8,15,1,8500.0,26.516666666666666,1.8333333333333333
2016,8,15,2,6666.666666666667,28.1,3.5
2016,8,15,3,10000.0,30.250000000000004,11.166666666666666
2016,8,15,4,10000.0,27.683333333333334,4.166666666666667
2016,8,16,1,10000.0,26.46666666666667,4.0
2016,8,16,2,10000.0,28.116666666666664,3.0
2016,8,16,3,10000.0,30.6,10.666666666666666
2016,8,16,4,10000.0,27.65,6.833333333333333
2016,8,17,1,10000.0,26.41666666666667,2.333333333333333
2016,8,17,2,9166.666666666666,27.933333333333334,4.5
2016,8,17,3,9500.0,31.23333333333333,9.666666666666666
2016,8,17,4,10000.0,28.183333333333334,4.833333333333333
2016,8,18,1,10000.0,26.5,3.6666666666666665
2016,8,18,2,8833.333333333334,27.73333333333333,4.5
2016,8,18,3,10000.0,31.53333333333333,8.5
2016,8,18,4,10000.0,28.566666666666663,4.0
2016,8,19,1,10000.0,27.21666666666667,2.833333333333333
2016,8,19,2,9333.333333333334,28.850000000000005,4.166666666666667
2016,8,19,3,8333.333333333334,30.716666666666665,7.833333333333333
2016,8,19,4,9333.333333333334,28.7,4.666666666666667
2016,8,20,1,6166.666666666667,27.25,8.333333333333334
2016,8,20,2,7083.333333333333,29.05,8.5
2016,8,20,3,8666.666666666666,32.0,7.5
2016,8,20,4,4216.666666666667,28.61666666666667,5.833333333333333
2016,8,21,1,9000.0,28.183333333333337,6.166666666666667
2016,8,21,2,9000.0,29.416666666666668,7.333333333333333
2016,8,21,3,10000.0,32.983333333333334,9.166666666666666
2016,8,21,4,10000.0,28.63333333333333,5.5
2016,8,22,1,10000.0,26.86666666666667,5.666666666666667
2016,8,22,2,10000.0,27.96666666666667,7.833333333333333
2016,8,22,3,10000.0,31.48333333333333,10.333333333333334
2016,8,22,4,10000.0,27.98333333333333,7.5
2016,8,23,1,10000.0,26.433333333333337,5.833333333333333
2016,8,23,2,9666.666666666666,28.73333333333333,7.666666666666667
2016,8,23,3,8333.333333333334,31.183333333333334,8.166666666666666
2016,8,23,4,10000.0,27.86666666666667,5.5
2016,8,24,1,10000.0,25.78333333333333,3.1666666666666665
2016,8,24,2,9333.333333333334,27.566666666666663,5.0
2016,8,24,3,10000.0,31.183333333333334,7.0
2016,8,24,4,10000.0,27.9,5.0
2016,8,25,1,10000.0,25.78333333333333,2.6666666666666665
2016,8,25,2,10000.0,28.516666666666666,3.333333333333333
2016,8,25,3,10000.0,29.433333333333337,11.5
2016,8,25,4,10000.0,24.88333333333333,8.833333333333334
2016,8,26,1,7500.0,22.683333333333337,5.666666666666667
2016,8,26,2,8250.0,21.816666666666663,12.333333333333334
2016,8,26,3,10000.0,26.46666666666667,11.0
2016,8,26,4,10000.0,24.25,5.333333333333333
2016,8,27,1,10000.0,18.883333333333336,5.166666666666667
2016,8,27,2,10000.0,21.15,8.333333333333334
2016,8,27,3,10000.0,27.116666666666664,8.0
2016,8,27,4,10000.0,24.63333333333333,10.0
2016,8,28,1,10000.0,21.216666666666665,11.833333333333334
2016,8,28,2,10000.0,22.166666666666668,13.0
2016,8,28,3,10000.0,25.366666666666664,15.333333333333334
2016,8,28,4,10000.0,21.3,11.833333333333334
2016,8,29,1,10000.0,20.883333333333333,12.5
2016,8,29,2,10000.0,22.85,10.666666666666666
2016,8,29,3,10000.0,26.516666666666666,12.666666666666666
2016,8,29,4,10000.0,24.416666666666668,7.666666666666667
2016,8,30,1,10000.0,21.71666666666667,13.833333333333334
2016,8,30,2,10000.0,22.766666666666666,17.0
2016,8,30,3,10000.0,24.416666666666668,18.666666666666668
2016,8,30,4,10000.0,21.183333333333334,19.0
2016,8,31,1,9666.666666666666,18.816666666666663,23.0
2016,8,31,2,6666.666666666667,18.55,26.166666666666668
2016,8,31,3,4233.333333333333,19.766666666666666,27.0
2016,8,31,4,9000.0,20.85,13.833333333333334
2016,9,1,1,10000.0,17.950000000000003,4.833333333333333
2016,9,1,2,6300.0,23.0,11.833333333333334
2016,9,1,3,7500.0,28.266666666666666,16.333333333333332
2016,9,1,4,9666.666666666666,25.683333333333334,11.333333333333334
2016,9,2,1,7333.333333333333,23.55,10.833333333333334
2016,9,2,2,8666.666666666666,24.683333333333334,11.666666666666666
2016,9,2,3,10000.0,28.55,14.333333333333334
2016,9,2,4,10000.0,24.58333333333333,11.0
2016,9,3,1,10000.0,23.3,5.666666666666667
2016,9,3,2,10000.0,23.96666666666667,5.0
2016,9,3,3,10000.0,27.066666666666663,6.5
2016,9,3,4,10000.0,23.96666666666667,11.5
2016,9,4,1,9000.0,22.633333333333336,7.0
2016,9,4,2,8333.333333333334,23.46666666666667,6.166666666666667
2016,9,4,3,10000.0,26.73333333333333,7.0
2016,9,4,4,10000.0,25.316666666666663,7.666666666666667
2016,9,5,1,10000.0,23.75,7.333333333333333
2016,9,5,2,10000.0,24.86666666666667,6.5
2016,9,5,3,10000.0,27.566666666666663,8.0
2016,9,5,4,10000.0,24.433333333333334,7.333333333333333
2016,9,6,1,10000.0,21.916666666666668,5.333333333333333
2016,9,6,2,10000.0,24.08333333333333,7.166666666666667
2016,9,6,3,8166.666666666667,26.166666666666668,6.333333333333333
2016,9,6,4,3116.6666666666665,23.866666666666664,7.833333333333333
2016,9,7,1,3400.0,21.65,5.5
2016,9,7,2,3033.333333333333,22.53333333333333,5.0
2016,9,7,3,8500.0,26.1,6.666666666666667
2016,9,7,4,8666.666666666666,23.65,6.166666666666667
2016,9,8,1,6083.333333333333,22.866666666666664,9.833333333333334
2016,9,8,2,6500.0,23.950000000000003,6.166666666666667
2016,9,8,3,6666.666666666667,26.166666666666668,6.5
2016,9,8,4,6500.0,23.366666666666664,5.333333333333333
2016,9,9,1,3016.6666666666665,21.566666666666663,4.166666666666667
2016,9,9,2,4700.0,22.683333333333334,5.333333333333333
2016,9,9,3,9333.333333333334,26.03333333333333,11.666666666666666
2016,9,9,4,10000.0,23.65,9.166666666666666
2016,9,10,1,7000.0,21.33333333333333,8.333333333333334
2016,9,10,2,3433.333333333333,22.4,6.333333333333333
2016,9,10,3,5000.0,26.48333333333333,6.166666666666667
2016,9,10,4,6333.333333333333,24.15,6.0
2016,9,11,1,4333.333333333333,22.35,11.0
2016,9,11,2,6000.0,23.25,10.166666666666666
2016,9,11,3,10000.0,25.78333333333333,6.666666666666667
2016,9,11,4,9166.666666666666,23.183333333333337,8.666666666666666
2016,9,12,1,8500.0,21.58333333333333,9.833333333333334
2016,9,12,2,9000.0,22.950000000000003,11.5
2016,9,12,3,8166.666666666667,26.75,5.833333333333333
2016,9,12,4,7333.333333333333,24.166666666666668,6.333333333333333
2016,9,13,1,10000.0,20.48333333333333,9.333333333333334
2016,9,13,2,10000.0,22.433333333333334,7.333333333333333
2016,9,13,3,8666.666666666666,26.683333333333334,7.333333333333333
2016,9,13,4,9333.333333333334,24.38333333333333,5.333333333333333
2016,9,14,1,9333.333333333334,23.350000000000005,2.0
2016,9,14,2,9333.333333333334,24.15,3.0
2016,9,14,3,10000.0,26.78333333333333,8.666666666666666
2016,9,14,4,10000.0,23.5,5.0
2016,9,15,1,7666.666666666667,21.23333333333333,2.0
2016,9,15,2,6833.333333333333,23.133333333333336,3.333333333333333
2016,9,15,3,9833.333333333334,25.9,7.166666666666667
2016,9,15,4,10000.0,23.86666666666667,4.333333333333333
2016,9,16,1,9333.333333333334,21.666666666666668,1.5
2016,9,16,2,5366.666666666667,23.316666666666663,3.5
2016,9,16,3,7000.0,26.166666666666668,5.833333333333333
2016,9,16,4,7833.333333333333,23.71666666666667,4.0
2016,9,17,1,5333.333333333333,22.35,6.333333333333333
2016,9,17,2,8700.0,21.61666666666667,8.833333333333334
2016,9,17,3,10000.0,27.3,8.666666666666666
2016,9,17,4,10000.0,24.316666666666663,7.0
2016,9,18,1,10000.0,20.3,8.5
2016,9,18,2,10000.0,22.383333333333336,10.333333333333334
2016,9,18,3,10000.0,26.48333333333333,8.166666666666666
2016,9,18,4,10000.0,23.23333333333333,7.166666666666667
2016,9,19,1,10000.0,19.166666666666668,8.333333333333334
2016,9,19,2,10000.0,20.76666666666667,8.666666666666666
2016,9,19,3,10000.0,25.616666666666664,10.333333333333334
2016,9,19,4,10000.0,21.98333333333333,9.333333333333334
2016,9,20,1,10000.0,17.083333333333332,9.166666666666666
2016,9,20,2,10000.0,19.08333333333333,10.833333333333334
2016,9,20,3,10000.0,24.28333333333333,7.5
2016,9,20,4,10000.0,21.33333333333333,7.666666666666667
2016,9,21,1,10000.0,15.9,6.166666666666667
2016,9,21,2,10000.0,18.183333333333334,6.0
2016,9,21,3,10000.0,23.616666666666664,5.333333333333333
2016,9,21,4,10000.0,21.03333333333333,2.833333333333333
2016,9,22,1,9666.666666666666,18.63333333333333,4.833333333333333
2016,9,22,2,10000.0,20.183333333333334,5.333333333333333
2016,9,22,3,10000.0,24.2,6.166666666666667
2016,9,22,4,10000.0,21.750000000000004,6.166666666666667
2016,9,23,1,7833.333333333333,18.633333333333336,2.6666666666666665
2016,9,23,2,4700.0,19.966666666666665,5.0
2016,9,23,3,8833.333333333334,24.15,7.333333333333333
2016,9,23,4,10000.0,21.58333333333333,4.833333333333333
2016,9,24,1,6333.333333333333,18.383333333333333,2.333333333333333
2016,9,24,2,2716.6666666666665,20.766666666666666,4.166666666666667
2016,9,24,3,8500.0,25.15,7.833333333333333
2016,9,24,4,10000.0,21.53333333333333,3.5
2016,9,25,1,8833.333333333334,19.4,1.6666666666666667
2016,9,25,2,7333.333333333333,21.1,4.333333333333333
2016,9,25,3,10000.0,25.066666666666663,6.166666666666667
2016,9,25,4,10000.0,22.3,4.5
2016,9,26,1,9500.0,21.016666666666666,3.0
2016,9,26,2,7166.666666666667,21.55,4.666666666666667
2016,9,26,3,8666.666666666666,26.83333333333333,8.5
2016,9,26,4,4200.0,23.066666666666663,3.8333333333333335
2016,9,27,1,3083.333333333333,22.816666666666663,3.0
2016,9,27,2,4250.0,22.4,6.5
2016,9,27,3,6166.666666666667,19.266666666666666,5.833333333333333
2016,9,27,4,4366.666666666667,19.83333333333333,3.0
2016,9,28,1,3733.3333333333335,19.566666666666663,1.6666666666666667
2016,9,28,2,5100.0,20.016666666666666,4.333333333333333
2016,9,28,3,8666.666666666666,20.966666666666665,5.5
2016,9,28,4,10000.0,19.516666666666666,5.0
2016,9,29,1,10000.0,18.28333333333333,10.333333333333334
2016,9,29,2,10000.0,19.21666666666667,11.333333333333334
2016,9,29,3,10000.0,24.0,9.833333333333334
2016,9,29,4,10000.0,20.766666666666666,8.5
2016,9,30,1,10000.0,19.166666666666668,9.0
2016,9,30,2,10000.0,20.183333333333334,6.166666666666667
2016,9,30,3,8666.666666666666,22.566666666666663,4.5
2016,9,30,4,7333.333333333333,20.63333333333333,2.0
2016,10,1,1,5000.0,18.85,2.833333333333333
2016,10,1,2,4350.0,19.73333333333333,4.666666666666667
2016,10,1,3,5083.333333333333,23.516666666666666,4.0
2016,10,1,4,4050.0,21.166666666666668,2.0
2016,10,2,1,2166.6666666666665,19.683333333333334,3.6666666666666665
2016,10,2,2,2950.0,20.133333333333336,4.166666666666667
2016,10,2,3,4150.0,18.433333333333334,8.5
2016,10,2,4,3733.3333333333335,19.95,9.666666666666666
2016,10,3,1,4150.0,22.7,16.166666666666668
2016,10,3,2,10000.0,20.15,5.666666666666667
2016,10,3,3,10000.0,24.216666666666665,8.0
2016,10,3,4,10000.0,21.76666666666667,4.166666666666667
2016,10,4,1,10000.0,17.866666666666664,5.333333333333333
2016,10,4,2,10000.0,19.28333333333333,8.0
2016,10,4,3,10000.0,26.933333333333334,9.0
2016,10,4,4,10000.0,24.116666666666664,5.0
2016,10,5,1,10000.0,18.616666666666667,9.833333333333334
2016,10,5,2,10000.0,19.15,13.333333333333334
2016,10,5,3,10000.0,24.3,12.0
2016,10,5,4,10000.0,20.666666666666668,13.333333333333334
2016,10,6,1,10000.0,16.349999999999998,10.333333333333334
2016,10,6,2,10000.0,16.416666666666668,9.0
2016,10,6,3,10000.0,19.98333333333333,8.166666666666666
2016,10,6,4,10000.0,18.03333333333333,4.833333333333333
2016,10,7,1,10000.0,16.2,7.166666666666667
2016,10,7,2,10000.0,20.066666666666663,9.0
2016,10,7,3,10000.0,22.83333333333333,10.333333333333334
2016,10,7,4,7616.666666666667,18.316666666666663,12.833333333333334
2016,10,8,1,5100.0,17.033333333333335,8.333333333333334
2016,10,8,2,9333.333333333334,18.6,11.333333333333334
2016,10,8,3,10000.0,20.3,16.5
2016,10,8,4,10000.0,15.266666666666667,20.666666666666668
2016,10,9,1,10000.0,10.283333333333331,19.166666666666668
2016,10,9,2,10000.0,10.3,10.666666666666666
2016,10,9,3,10000.0,14.500000000000002,7.5
2016,10,9,4,10000.0,13.166666666666666,11.5
2016,10,10,1,10000.0,10.933333333333332,8.5
2016,10,10,2,10000.0,11.316666666666668,7.166666666666667
2016,10,10,3,10000.0,16.95,7.0
2016,10,10,4,10000.0,14.65,2.6666666666666665
2016,10,11,1,10000.0,12.116666666666667,3.333333333333333
2016,10,11,2,10000.0,14.283333333333331,4.166666666666667
2016,10,11,3,9666.666666666666,19.383333333333336,7.0
2016,10,11,4,7666.666666666667,18.266666666666666,8.5
2016,10,12,1,8333.333333333334,14.883333333333333,8.333333333333334
2016,10,12,2,10000.0,13.683333333333335,6.5
2016,10,12,3,10000.0,17.766666666666666,7.833333333333333
2016,10,12,4,10000.0,14.866666666666667,6.166666666666667
2016,10,13,1,10000.0,12.45,5.0
2016,10,13,2,10000.0,12.95,5.5
2016,10,13,3,10000.0,18.366666666666664,5.333333333333333
2016,10,13,4,10000.0,15.733333333333333,2.0
2016,10,14,1,10000.0,13.266666666666666,3.0
2016,10,14,2,9666.666666666666,15.333333333333334,3.6666666666666665
2016,10,14,3,8833.333333333334,20.616666666666667,4.166666666666667
2016,10,14,4,6666.666666666667,16.95,3.0
2016,10,15,1,2683.333333333333,14.666666666666666,3.0
2016,10,15,2,2166.6666666666665,16.61666666666667,6.0
2016,10,15,3,6666.666666666667,22.566666666666663,6.5
2016,10,15,4,9666.666666666666,19.133333333333336,3.5
2016,10,16,1,6666.666666666667,17.85,4.833333333333333
2016,10,16,2,6000.0,18.6,8.666666666666666
2016,10,16,3,3800.0,18.01666666666667,7.5
2016,10,16,4,3850.0,16.55,4.0
2016,10,17,1,2116.6666666666665,16.0,3.333333333333333
2016,10,17,2,3616.6666666666665,17.53333333333333,3.0
2016,10,17,3,9333.333333333334,20.26666666666667,8.5
2016,10,17,4,8500.0,17.933333333333334,8.0
2016,10,18,1,10000.0,13.2,5.333333333333333
2016,10,18,2,10000.0,14.33333333333333,5.166666666666667
2016,10,18,3,10000.0,20.28333333333333,5.0
2016,10,18,4,10000.0,16.766666666666666,3.0
2016,10,19,1,9000.0,14.466666666666669,2.333333333333333
2016,10,19,2,4800.0,16.8,3.0
2016,10,19,3,6416.666666666667,20.8,6.833333333333333
2016,10,19,4,10000.0,17.433333333333334,4.333333333333333
2016,10,20,1,6833.333333333333,14.533333333333331,2.0
2016,10,20,2,5166.666666666667,16.133333333333336,4.0
2016,10,20,3,5000.0,21.71666666666667,7.166666666666667
2016,10,20,4,5833.333333333333,19.7,4.333333333333333
2016,10,21,1,10000.0,18.016666666666666,5.833333333333333
2016,10,21,2,10000.0,18.383333333333333,8.0
2016,10,21,3,10000.0,19.666666666666668,10.833333333333334
2016,10,21,4,10000.0,18.2,10.333333333333334
2016,10,22,1,10000.0,16.983333333333334,6.666666666666667
2016,10,22,2,10000.0,17.3,4.833333333333333
2016,10,22,3,10000.0,19.78333333333333,5.166666666666667
2016,10,22,4,10000.0,18.05,7.5
2016,10,23,1,10000.0,16.3,9.0
2016,10,23,2,10000.0,15.916666666666666,11.166666666666666
2016,10,23,3,9666.666666666666,13.266666666666666,8.666666666666666
2016,10,23,4,9666.666666666666,11.816666666666668,6.166666666666667
2016,10,24,1,10000.0,10.716666666666669,6.333333333333333
2016,10,24,2,10000.0,11.583333333333334,6.0
2016,10,24,3,10000.0,17.916666666666668,7.833333333333333
2016,10,24,4,10000.0,17.583333333333332,8.0
2016,10,25,1,5666.666666666667,14.633333333333336,15.166666666666666
2016,10,25,2,5000.0,14.566666666666668,11.333333333333334
2016,10,25,3,9000.0,17.4,11.166666666666666
2016,10,25,4,10000.0,15.533333333333337,6.833333333333333
2016,10,26,1,10000.0,13.6,5.833333333333333
2016,10,26,2,10000.0,14.2,3.6666666666666665
2016,10,26,3,9333.333333333334,16.283333333333335,6.333333333333333
2016,10,26,4,9666.666666666666,13.616666666666667,4.833333333333333
2016,10,27,1,10000.0,10.966666666666669,7.166666666666667
2016,10,27,2,10000.0,11.8,7.833333333333333
2016,10,27,3,9833.333333333334,18.45,5.5
2016,10,27,4,10000.0,17.583333333333332,5.333333333333333
2016,10,28,1,10000.0,16.15,4.0
2016,10,28,2,10000.0,15.366666666666667,3.5
2016,10,28,3,10000.0,17.066666666666666,11.833333333333334
2016,10,28,4,10000.0,13.16666666666667,16.833333333333332
2016,10,29,1,10000.0,9.416666666666666,16.333333333333332
2016,10,29,2,10000.0,8.016666666666667,11.333333333333334
2016,10,29,3,10000.0,10.283333333333331,11.333333333333334
2016,10,29,4,10000.0,7.05,12.833333333333334
2016,10,30,1,10000.0,5.283333333333332,7.333333333333333
2016,10,30,2,10000.0,7.216666666666668,5.0
2016,10,30,3,10000.0,12.15,4.333333333333333
2016,10,30,4,10000.0,9.183333333333332,2.333333333333333
2016,10,31,1,10000.0,10.366666666666667,5.333333333333333
2016,10,31,2,9500.0,9.300000000000002,8.833333333333334
2016,10,31,3,10000.0,7.683333333333334,8.166666666666666
2016,10,31,4,10000.0,4.733333333333333,14.5
2016,11,1,1,10000.0,1.8166666666666664,9.833333333333334
2016,11,1,2,10000.0,1.1833333333333331,10.0
2016,11,1,3,10000.0,6.033333333333334,7.666666666666667
2016,11,1,4,10000.0,3.633333333333333,8.833333333333334
2016,11,2,1,10000.0,0.5833333333333334,4.833333333333333
2016,11,2,2,10000.0,3.283333333333333,4.666666666666667
2016,11,2,3,10000.0,8.0,4.666666666666667
2016,11,2,4,7666.666666666667,7.033333333333334,3.1666666666666665
2016,11,3,1,5033.333333333333,6.166666666666668,4.166666666666667
2016,11,3,2,5500.0,9.116666666666664,4.166666666666667
2016,11,3,3,10000.0,13.366666666666667,7.5
2016,11,3,4,9166.666666666666,13.033333333333331,8.833333333333334
2016,11,4,1,9000.0,12.083333333333334,9.333333333333334
2016,11,4,2,6500.0,12.533333333333331,14.0
2016,11,4,3,9666.666666666666,16.433333333333334,13.0
2016,11,4,4,8166.666666666667,15.716666666666669,10.333333333333334
2016,11,5,1,7833.333333333333,14.466666666666669,9.833333333333334
2016,11,5,2,6666.666666666667,15.9,11.333333333333334
2016,11,5,3,5666.666666666667,18.383333333333336,12.666666666666666
2016,11,5,4,3316.6666666666665,15.483333333333333,3.5
2016,11,6,1,866.6666666666666,13.116666666666667,4.166666666666667
2016,11,6,2,6700.0,14.866666666666664,6.0
2016,11,6,3,10000.0,17.683333333333334,7.666666666666667
2016,11,6,4,10000.0,15.383333333333333,9.833333333333334
2016,11,7,1,10000.0,13.533333333333331,9.333333333333334
2016,11,7,2,10000.0,13.816666666666665,11.833333333333334
2016,11,7,3,9166.666666666666,15.500000000000002,9.5
2016,11,7,4,4550.0,10.883333333333336,11.5
2016,11,8,1,5550.0,6.866666666666667,15.333333333333334
2016,11,8,2,6833.333333333333,4.05,12.0
2016,11,8,3,9666.666666666666,6.033333333333334,14.333333333333334
2016,11,8,4,10000.0,3.1333333333333333,15.333333333333334
2016,11,9,1,10000.0,0.1333333333333332,11.666666666666666
2016,11,9,2,10000.0,0.35,5.833333333333333
2016,11,9,3,10000.0,5.633333333333333,4.833333333333333
2016,11,9,4,10000.0,3.7,4.833333333333333
2016,11,10,1,10000.0,2.5166666666666666,6.666666666666667
2016,11,10,2,10000.0,3.7166666666666655,6.5
2016,11,10,3,8000.0,8.933333333333332,4.166666666666667
2016,11,10,4,7833.333333333333,9.166666666666666,10.0
2016,11,11,1,6500.0,9.683333333333335,12.166666666666666
2016,11,11,2,10000.0,11.15,10.166666666666666
2016,11,11,3,10000.0,13.583333333333334,12.5
2016,11,11,4,9500.0,9.800000000000002,5.166666666666667
2016,11,12,1,6166.666666666667,8.566666666666668,10.0
2016,11,12,2,8833.333333333334,10.45,10.5
2016,11,12,3,10000.0,15.333333333333334,12.0
2016,11,12,4,9000.0,14.5,8.166666666666666
2016,11,13,1,4250.0,13.35,4.833333333333333
2016,11,13,2,3300.0,13.683333333333332,5.166666666666667
2016,11,13,3,7500.0,17.483333333333334,7.833333333333333
2016,11,13,4,6666.666666666667,15.166666666666666,3.8333333333333335
2016,11,14,1,6166.666666666667,12.85,6.166666666666667
2016,11,14,2,5500.0,13.749999999999998,5.166666666666667
2016,11,14,3,3416.6666666666665,14.6,3.6666666666666665
2016,11,14,4,4366.666666666667,12.016666666666666,8.333333333333334
2016,11,15,1,10000.0,7.366666666666666,14.333333333333334
2016,11,15,2,10000.0,4.95,15.166666666666666
2016,11,15,3,10000.0,8.033333333333333,12.5
2016,11,15,4,10000.0,5.3500000000000005,10.5
2016,11,16,1,10000.0,2.0166666666666666,3.8333333333333335
2016,11,16,2,10000.0,3.983333333333333,3.8333333333333335
2016,11,16,3,10000.0,9.300000000000002,3.5
2016,11,16,4,10000.0,7.066666666666666,2.333333333333333
2016,11,17,1,10000.0,5.55,2.0
2016,11,17,2,10000.0,8.516666666666667,4.333333333333333
2016,11,17,3,9333.333333333334,12.6,5.5
2016,11,17,4,7166.666666666667,8.966666666666669,2.833333333333333
2016,11,18,1,4250.0,6.883333333333333,3.8333333333333335
2016,11,18,2,4133.333333333333,9.266666666666667,5.5
2016,11,18,3,4600.0,14.066666666666665,6.333333333333333
2016,11,18,4,4083.3333333333335,12.166666666666666,5.5
2016,11,19,1,4216.666666666667,11.25,4.333333333333333
2016,11,19,2,4866.666666666667,11.883333333333333,4.166666666666667
2016,11,19,3,5666.666666666667,14.45,6.333333333333333
2016,11,19,4,2966.6666666666665,12.800000000000002,4.166666666666667
2016,11,20,1,6666.666666666667,9.233333333333333,10.833333333333334
2016,11,20,2,10000.0,8.299999999999999,6.5
2016,11,20,3,10000.0,12.633333333333333,8.666666666666666
2016,11,20,4,10000.0,8.233333333333333,6.5
2016,11,21,1,10000.0,6.1000000000000005,8.333333333333334
2016,11,21,2,10000.0,8.266666666666667,8.0
2016,11,21,3,10000.0,12.9,5.833333333333333
2016,11,21,4,10000.0,9.616666666666664,7.333333333333333
2016,11,22,1,9833.333333333334,5.433333333333334,15.0
2016,11,22,2,10000.0,2.5166666666666666,13.5
2016,11,22,3,10000.0,3.1166666666666667,13.666666666666666
2016,11,22,4,10000.0,0.2333333333333334,12.166666666666666
2016,11,23,1,10000.0,-1.4,10.0
2016,11,23,2,10000.0,-2.15,7.166666666666667
2016,11,23,3,10000.0,2.1,11.5
2016,11,23,4,10000.0,-0.6999999999999998,15.333333333333334
2016,11,24,1,10000.0,-1.8,11.0
2016,11,24,2,10000.0,-1.3,9.5
2016,11,24,3,10000.0,1.6666666666666667,9.666666666666666
2016,11,24,4,10000.0,-0.5833333333333333,5.5
2016,11,25,1,10000.0,-0.6166666666666666,4.666666666666667
2016,11,25,2,10000.0,1.5666666666666669,4.333333333333333
2016,11,25,3,10000.0,5.183333333333333,4.166666666666667
2016,11,25,4,10000.0,2.9,1.3333333333333333
2016,11,26,1,9833.333333333334,3.8333333333333335,4.333333333333333
2016,11,26,2,8166.666666666667,3.383333333333333,7.666666666666667
2016,11,26,3,2383.333333333333,2.45,7.833333333333333
2016,11,26,4,2566.6666666666665,3.2,10.333333333333334
2016,11,27,1,2200.0,3.5,5.833333333333333
2016,11,27,2,3483.333333333333,4.6000000000000005,6.5
2016,11,27,3,4916.666666666667,6.966666666666666,5.166666666666667
2016,11,27,4,4166.666666666667,4.783333333333334,4.0
2016,11,28,1,4033.3333333333335,2.466666666666667,10.5
2016,11,28,2,8000.0,1.2833333333333334,7.166666666666667
2016,11,28,3,10000.0,4.533333333333333,8.333333333333334
2016,11,28,4,10000.0,2.316666666666667,9.833333333333334
2016,11,29,1,10000.0,-0.1666666666666666,4.166666666666667
2016,11,29,2,10000.0,1.8,3.0
2016,11,29,3,10000.0,6.066666666666666,4.5
2016,11,29,4,10000.0,2.483333333333333,3.333333333333333
2016,11,30,1,10000.0,1.7166666666666668,4.166666666666667
2016,11,30,2,10000.0,6.15,5.5
2016,11,30,3,10000.0,9.2,5.5
2016,11,30,4,9333.333333333334,9.166666666666668,10.666666666666666
2016,12,1,1,6666.666666666667,8.583333333333334,14.833333333333334
2016,12,1,2,8333.333333333334,6.966666666666666,13.833333333333334
2016,12,1,3,10000.0,6.483333333333333,13.333333333333334
2016,12,1,4,10000.0,2.4666666666666663,12.0
2016,12,2,1,10000.0,-1.05,2.1666666666666665
2016,12,2,2,10000.0,0.9333333333333336,2.0
2016,12,2,3,10000.0,6.4,5.5
2016,12,2,4,10000.0,4.033333333333333,1.8333333333333333
2016,12,3,1,8666.666666666666,1.383333333333333,3.5
2016,12,3,2,5166.666666666667,4.166666666666667,4.5
2016,12,3,3,9333.333333333334,8.733333333333333,4.666666666666667
2016,12,3,4,8833.333333333334,5.116666666666666,1.6666666666666667
2016,12,4,1,4383.333333333333,3.7833333333333337,3.333333333333333
2016,12,4,2,4000.0,5.45,4.666666666666667
2016,12,4,3,4950.0,8.283333333333333,7.0
2016,12,4,4,4250.0,7.833333333333333,7.5
2016,12,5,1,2833.333333333333,7.116666666666666,9.833333333333334
2016,12,5,2,2483.333333333333,8.683333333333334,5.0
2016,12,5,3,5716.666666666667,9.383333333333333,12.5
2016,12,5,4,10000.0,4.733333333333333,17.666666666666668
2016,12,6,1,10000.0,-0.4333333333333334,15.0
2016,12,6,2,10000.0,-1.0166666666666666,11.833333333333334
2016,12,6,3,10000.0,2.05,2.833333333333333
2016,12,6,4,10000.0,0.6833333333333332,2.1666666666666665
2016,12,7,1,9166.666666666666,1.6,10.5
2016,12,7,2,10000.0,2.4,9.833333333333334
2016,12,7,3,10000.0,6.316666666666666,4.333333333333333
2016,12,7,4,9333.333333333334,3.5666666666666664,7.666666666666667
2016,12,8,1,10000.0,-1.2333333333333334,2.5
2016,12,8,2,9666.666666666666,0.5833333333333334,5.5
2016,12,8,3,10000.0,6.949999999999999,7.166666666666667
2016,12,8,4,8133.333333333333,6.383333333333334,10.333333333333334
2016,12,9,1,7833.333333333333,6.1000000000000005,8.833333333333334
2016,12,9,2,9333.333333333334,3.4500000000000006,12.0
2016,12,9,3,10000.0,3.5499999999999994,12.333333333333334
2016,12,9,4,10000.0,-0.0833333333333333,11.333333333333334
2016,12,10,1,10000.0,-2.283333333333333,7.166666666666667
2016,12,10,2,10000.0,-2.45,5.333333333333333
2016,12,10,3,10000.0,1.6833333333333331,5.333333333333333
2016,12,10,4,10000.0,-0.1999999999999999,8.5
2016,12,11,1,10000.0,-1.65,5.666666666666667
2016,12,11,2,10000.0,-2.0166666666666666,4.833333333333333
2016,12,11,3,10000.0,3.3666666666666667,2.6666666666666665
2016,12,11,4,10000.0,-0.7333333333333334,3.1666666666666665
2016,12,12,1,10000.0,-1.8166666666666664,6.333333333333333
2016,12,12,2,9833.333333333334,0.3500000000000001,6.166666666666667
2016,12,12,3,10000.0,5.1,6.166666666666667
2016,12,12,4,10000.0,4.966666666666666,3.6666666666666665
2016,12,13,1,10000.0,2.516666666666667,1.6666666666666667
2016,12,13,2,8000.0,4.633333333333334,5.166666666666667
2016,12,13,3,7666.666666666667,5.433333333333334,10.5
2016,12,13,4,10000.0,1.5666666666666664,11.666666666666666
2016,12,14,1,10000.0,-0.6000000000000001,11.166666666666666
2016,12,14,2,10000.0,-0.9166666666666666,11.166666666666666
2016,12,14,3,10000.0,0.5666666666666665,8.833333333333334
2016,12,14,4,10000.0,-0.8000000000000002,9.166666666666666
2016,12,15,1,10000.0,-3.9500000000000006,9.166666666666666
2016,12,15,2,10000.0,-3.783333333333333,9.166666666666666
2016,12,15,3,10000.0,-1.5666666666666664,14.166666666666666
2016,12,15,4,10000.0,-3.9,13.666666666666666
2016,12,16,1,10000.0,-6.466666666666666,7.5
2016,12,16,2,10000.0,-5.316666666666667,4.333333333333333
2016,12,16,3,10000.0,-0.6666666666666666,5.833333333333333
2016,12,16,4,10000.0,-0.0666666666666665,6.166666666666667
2016,12,17,1,9666.666666666666,1.7,7.666666666666667
2016,12,17,2,9666.666666666666,5.116666666666666,8.5
2016,12,17,3,7500.0,8.700000000000001,6.666666666666667
2016,12,17,4,8166.666666666667,8.1,6.166666666666667
2016,12,18,1,9333.333333333334,6.0,5.333333333333333
2016,12,18,2,10000.0,6.033333333333334,10.5
2016,12,18,3,10000.0,7.5,11.5
2016,12,18,4,9666.666666666666,6.933333333333334,8.5
2016,12,19,1,8000.0,6.516666666666667,5.333333333333333
2016,12,19,2,6166.666666666667,7.150000000000001,4.833333333333333
2016,12,19,3,8166.666666666667,11.033333333333331,4.333333333333333
2016,12,19,4,4950.0,7.366666666666667,2.6666666666666665
2016,12,20,1,2550.0,3.883333333333333,2.0
2016,12,20,2,5166.666666666667,5.416666666666667,4.166666666666667
2016,12,20,3,9500.0,9.35,6.0
2016,12,20,4,7833.333333333333,5.383333333333333,3.0
2016,12,21,1,5166.666666666667,3.7,6.833333333333333
2016,12,21,2,4866.666666666667,5.9,6.666666666666667
2016,12,21,3,6166.666666666667,11.25,6.833333333333333
2016,12,21,4,3866.6666666666665,9.35,11.166666666666666
2016,12,22,1,1900.0,10.983333333333334,9.666666666666666
2016,12,22,2,3966.6666666666665,6.566666666666666,15.5
2016,12,22,3,4283.333333333333,5.483333333333333,17.666666666666668
2016,12,22,4,4750.0,3.866666666666666,13.5
2016,12,23,1,5333.333333333333,1.116666666666667,15.166666666666666
2016,12,23,2,7000.0,-1.0,13.833333333333334
2016,12,23,3,10000.0,-1.25,13.666666666666666
2016,12,23,4,10000.0,-1.9833333333333327,8.833333333333334
2016,12,24,1,9000.0,-2.8666666666666667,6.333333333333333
2016,12,24,2,7333.333333333333,-2.75,3.6666666666666665
2016,12,24,3,7000.0,-0.15,3.8333333333333335
2016,12,24,4,5333.333333333333,-1.55,6.0
2016,12,25,1,6000.0,-2.733333333333333,7.166666666666667
2016,12,25,2,6333.333333333333,-1.9,8.0
2016,12,25,3,7333.333333333333,3.6666666666666665,6.333333333333333
2016,12,25,4,9000.0,3.216666666666667,5.833333333333333
2016,12,26,1,10000.0,2.733333333333333,5.5
2016,12,26,2,10000.0,2.733333333333333,5.833333333333333
2016,12,26,3,10000.0,4.1,4.333333333333333
2016,12,26,4,9500.0,2.9166666666666665,8.666666666666666
2016,12,27,1,8500.0,1.5166666666666666,10.833333333333334
2016,12,27,2,10000.0,-0.4666666666666666,13.5
2016,12,27,3,10000.0,-0.2833333333333334,15.0
2016,12,27,4,10000.0,-4.016666666666667,13.0
2016,12,28,1,10000.0,-6.533333333333334,5.666666666666667
2016,12,28,2,10000.0,-5.683333333333334,5.5
2016,12,28,3,10000.0,-0.45,5.5
2016,12,28,4,10000.0,-1.65,5.5
2016,12,29,1,7266.666666666667,-1.6499999999999997,7.333333333333333
2016,12,29,2,10000.0,-3.8166666666666655,15.0
2016,12,29,3,10000.0,-1.7333333333333334,12.166666666666666
2016,12,29,4,10000.0,-3.45,10.5
2016,12,30,1,10000.0,-6.5,3.8333333333333335
2016,12,30,2,10000.0,-4.766666666666667,5.166666666666667
2016,12,30,3,10000.0,0.6833333333333335,5.0
2016,12,30,4,9833.333333333334,0.1,3.1666666666666665
2016,12,31,1,6000.0,-1.5,5.0
